<CommonPropertyStore xmlns:xsi="http://www.w3.org/2001/XMLSchema-instance" xmlns:xsd="http://www.w3.org/2001/XMLSchema" xmlns="http://www.microsoft.com/sql/slp/CommonProperties.xsd"><CommonProperties><Item><Name><string xmlns="">detailedLogFile</string></Name><Value><string xmlns="">C:\Program Files\Microsoft SQL Server\100\Setup Bootstrap\Log\20120817_154611\Detail_ComponentUpdate.txt</string></Value></Item><Item><Name><string xmlns="">ActionName</string></Name><Value><string xmlns="" /></Value></Item><Item><Name><string xmlns="">/Package/ProductName</string></Name><Value><string xmlns="">SQL2008</string></Value></Item><Item><Name><string xmlns="">/Package/SupportedLanguages</string></Name><Value><string xmlns="">1028;1031;1033;1036;1040;1041;1042;1046;1049;2052;3082;1053</string></Value></Item><Item><Name><string xmlns="">/Package/LogPath</string></Name><Value><string xmlns="">%ProgramFiles%\Microsoft SQL Server\100\Setup Bootstrap\Log</string></Value></Item><Item><Name><string xmlns="">/Package/GlobalProperties/StopActionRequireMode</string></Name><Value><string xmlns="">ShowProgressOnly</string></Value></Item><Item><Name><string xmlns="">/Scenario/GlobalProperties/WizardMoniker</string></Name><Value><string xmlns="">ComponentUpdate</string></Value></Item><Item><Name><string xmlns="">/Scenario/GlobalProperties/FixedFeatureList</string></Name><Value><string xmlns="">ComponentUpdate</string></Value></Item><Item><Name><string xmlns="">CUPIDDISPLAYED</string></Name><Value><string xmlns="">TRUE</string></Value></Item><Item><Name><string xmlns="">CurrentMsiLogName</string></Name><Value><string xmlns="">C:\Program Files\Microsoft SQL Server\100\Setup Bootstrap\Log\20120817_154611\SqlSupport_Cpu32_1_ComponentUpdate.log</string></Value></Item><Item><Name><string xmlns="">CurrentMsiName</string></Name><Value><string xmlns="">SqlSupport.msi</string></Value></Item><Item><Name><string xmlns="">CurrentMsiVersion</string></Name><Value><string xmlns="">10.50.1600.1</string></Value></Item><Item><Name><string xmlns="">MsiWatsonBucketGenerated</string></Name><Value><string xmlns="" /></Value></Item><Item><Name><string xmlns="">WatsonBucketActionName</string></Name><Value><string xmlns="">Write_NativeImage.</string></Value></Item><Item><Name><string xmlns="">CurrentMsiActionName</string></Name><Value><string xmlns="">Write_NativeImage.. </string></Value></Item><Item><Name><string xmlns="">summaryLogFile</string></Name><Value><string xmlns="">C:\Program Files\Microsoft SQL Server\100\Setup Bootstrap\Log\20120817_154611\Summary_DigitalAttitude_20120817_154611_ComponentUpdate.txt</string></Value></Item></CommonProperties><CommonFlags><Item><Name><string xmlns="">/Scenario/Patching/IsRunningInnerSetup</string></Name><Value><boolean xmlns="">false</boolean></Value></Item><Item><Name><string xmlns="">/Scenario/GlobalFlags/IsUserInterfaceSupported</string></Name><Value><boolean xmlns="">true</boolean></Value></Item><Item><Name><string xmlns="">/Scenario/GlobalFlags/EnableMsiInstallation</string></Name><Value><boolean xmlns="">true</boolean></Value></Item><Item><Name><string xmlns="">/Scenario/GlobalFlags/IsMediaRequired</string></Name><Value><boolean xmlns="">true</boolean></Value></Item><Item><Name><string xmlns="">/Scenario/GlobalFlags/EnableFixedFeatureSelection</string></Name><Value><boolean xmlns="">true</boolean></Value></Item></CommonFlags></CommonPropertyStore>