<SlpChainerInputSettings xmlns:xsi="http://www.w3.org/2001/XMLSchema-instance" xmlns:xsd="http://www.w3.org/2001/XMLSchema" xmlns="http://www.microsoft.com/sql/setup/SlpChainerInputSettings/2007/04"><Action>ComponentUpdate</Action><Workflow>Install</Workflow><ConfigurationFile /><Debug>false</Debug><Failpoints /><FailpointAsNormalError>false</FailpointAsNormalError><FailpointInvocationLimit>0</FailpointInvocationLimit><Features><string>SQL</string></Features><ClusteredUpgradeFeatures /><ClusteredRepairFeatures /><Help>false</Help><IndicateProgress>false</IndicateProgress><InstallMediaPath>c:\5d1a00ff115c0b27e022bd1902a3\x86\setup\</InstallMediaPath><LogMarker>_ComponentUpdate</LogMarker><Quiet>false</Quiet><QuietSimple>false</QuietSimple><NoMutex>false</NoMutex><X86>false</X86><Timestamp>20120817_154611</Timestamp><SkipRules /><MediaLayoutValue>Core</MediaLayoutValue><CuPidDisplayed>false</CuPidDisplayed><MediaSource>c:\5d1a00ff115c0b27e022bd1902a3\</MediaSource><MsiRetryCount>3</MsiRetryCount><MsiRetryInterval>120</MsiRetryInterval><MsiRetryReturnCode><string>2</string><string>30</string><string>110</string><string>1601</string><string>1618</string><string>1619</string><string>1622</string><string>1631</string><string>1632</string><string>1635</string><string>1636</string></MsiRetryReturnCode><HideConsole>true</HideConsole><PatchSqlSupport>false</PatchSqlSupport><IgnoreServiceRestartState>false</IgnoreServiceRestartState><ClusterPassive>false</ClusterPassive><EnableResolveSourceUI>false</EnableResolveSourceUI><Role>AllFeatures_WithDefaults</Role><CuRebootRequired>false</CuRebootRequired><Enu>true</Enu><ParentHWND /><IgnoreFailedPatch>false</IgnoreFailedPatch><PatchMediaPath /><PatchMediaPathSecond /><PCUSource /><CUSource /><SlipstreamPath /><IAcceptSQLServerLicenseTerms>true</IAcceptSQLServerLicenseTerms><UIMode>AutoAdvance</UIMode></SlpChainerInputSettings>