<SlpInputSettings xmlns="http://www.microsoft.com/sql/configuration/SlpInputSettings/Public/2007/04"><!----><AllInstances>false</AllInstances><InstanceNameList /><CopyUpgradeScripts>false</CopyUpgradeScripts><ErrorReporting>false</ErrorReporting><InstallSharedDir>%ProgramFiles%\Microsoft SQL Server\</InstallSharedDir><InstallSharedWowDir>%ProgramFiles(x86)%\Microsoft SQL Server\</InstallSharedWowDir><InstanceDir>%ProgramFiles%\Microsoft SQL Server\</InstanceDir><SqmReporting>false</SqmReporting><InstanceDirSpace /><InstallSharedDirSpace /><InstallSharedWowDirSpace /><SystemDirSpace /></SlpInputSettings>