﻿<?xml version="1.0" encoding="utf-8" ?>
<UIHost xmlns="http://schemas.microsoft.com/sqlserver/setup/uihost.xsd" ResourceManager="Microsoft.SqlServer.Configuration.InstallWizard.SR, Microsoft.SqlServer.Configuration.InstallWizard">
  <Pages>


    <Page
    ID="RunGlobalRules">
      <Title ResourceID="SystemConfigurationCheckTitle"></Title>
      <Subtitle ResourceID="SystemConfigurationCheckSubtitle"></Subtitle>
      <Buttons>
        <Button ID="Finish" Visible="false"/>
        <Button ID="Back" Enabled="false"/>
        <Button ID="Next" Enabled="false"/>
        <Button ID="Cancel" Enabled="false"/>
      </Buttons>
      <ControllerType>Microsoft.SqlServer.Configuration.InstallWizard.RunScenarioGlobalRuleProgressController, Microsoft.SqlServer.Configuration.InstallWizard</ControllerType>
      <HelpGUID>168c0445-5651-42fc-91f4-d9f27d9e2281</HelpGUID>
    </Page>

    <Page
      ID="SelectInstanceForCompleteFailoverCluster">
      <Title ResourceID="ClusterNodeConfiguration"></Title>
      <Subtitle ResourceID="ClusterNodeConfigurationCompleteClusterSubtitle"></Subtitle>
      <Buttons>
        <Button ID="Finish" Visible="false"/>
      </Buttons>
      <ControllerType>Microsoft.SqlServer.Configuration.InstallWizard.ClusterSelectInstanceController, Microsoft.SqlServer.Configuration.InstallWizard</ControllerType>
      <HelpGUID>64174d54-edee-49b8-9b43-039574bf2ca1</HelpGUID>
    </Page>
  
  <Page
      ID="ClusterGroup" PageType="Page" >
    <Title ResourceID="CreateClusterGroupTitle"></Title>
    <Subtitle ResourceID="CreateClusterGroupSubtitle"></Subtitle>
      <Buttons>
        <Button ID="Finish" Visible="false"/>
      </Buttons>
      <ControllerType>Microsoft.SqlServer.Configuration.InstallWizard.ClusterGroupController, Microsoft.SqlServer.Configuration.InstallWizard</ControllerType>
      <HelpGUID>69a6582f-f1a8-40fe-a991-c3ca42d62540</HelpGUID>
    </Page>    
   <Page
      ID="DiskSelection" PageType="Page" >
     <Title ResourceID="ClusterDiskSelectionTitle"></Title>
     <Subtitle ResourceID="ClusterDiskSelectionSubtitle"></Subtitle>
      <Buttons>
        <Button ID="Finish" Visible="false"/>
      </Buttons>
      <ControllerType>Microsoft.SqlServer.Configuration.InstallWizard.ClusterDiskSelectionController, Microsoft.SqlServer.Configuration.InstallWizard</ControllerType>
      <HelpGUID>0d6b863d-5972-4a20-9990-64ee8016fea6</HelpGUID>
    </Page>    

   <Page
      ID="NetworkSelection" PageType="Page" >
     <Title ResourceID="ClusterNetworkSelectionTitle"></Title>
     <Subtitle ResourceID="ClusterNetworkSelectionSubtitle"></Subtitle>
      <Buttons>
        <Button ID="Finish" Visible="false"/>
      </Buttons>
      <ControllerType>Microsoft.SqlServer.Configuration.InstallWizard.ClusterNetworkSelectionController, Microsoft.SqlServer.Configuration.InstallWizard</ControllerType>
      <HelpGUID>579482ef-a023-45b2-9176-b4a4188adf9d</HelpGUID>
    </Page>
    
    <Page
         ID="ServerConfiguration" PageType="TabbedPage">
      <Title ResourceID="ServerConfigurationTitle"></Title>
      <Subtitle ResourceID="ServerConfigurationSubtitle"></Subtitle>
      <Buttons>
        <Button ID="Finish" Visible="false"/>
      </Buttons>
      <SubPages>
        <Page
          ID="Collation">
          <Title ResourceID="CollationTitle"></Title>
          <ControllerType>Microsoft.SqlServer.Configuration.InstallWizard.CollationController, Microsoft.SqlServer.Configuration.InstallWizard</ControllerType>
          <HelpGUID>e3986870-5be4-458b-b671-5ff12a27b022</HelpGUID>
        </Page>
      </SubPages>
    </Page>
    
    <Page
      ID="DatabaseEngineConfiguration" PageType="TabbedPage">
      <Title ResourceID="DatabaseEngineConfigurationTitle"></Title>
      <Subtitle ResourceID="DatabaseEngineConfigurationSubtitle"></Subtitle>
      <Buttons>
        <Button ID="Finish" Visible="false"/>
      </Buttons>
      <SubPages>
        <Page
           ID="AccountProvisioning">
          <Title ResourceID="AccountProvisioningTitle"></Title>
          <ControllerType>Microsoft.SqlServer.Configuration.InstallWizard.DatabaseEngineConfigController, Microsoft.SqlServer.Configuration.InstallWizard</ControllerType>
          <HelpGUID>834b26bc-49de-4033-88d5-6aa7b1609720</HelpGUID>
        </Page>
        <Page
           ID="DataDirectories">
          <Title ResourceID="DataDirectoriesTitle"></Title>
          <ControllerType>Microsoft.SqlServer.Configuration.InstallWizard.DatabaseEngineConfigDataDirectoryController, Microsoft.SqlServer.Configuration.InstallWizard</ControllerType>
          <HelpGUID>9b1fa0fc-623b-479a-afc3-4f13bd850487</HelpGUID>
        </Page>
        <Page
           ID="Ranu">
          <Title ResourceID="RanuTitle"></Title>
          <ControllerType>Microsoft.SqlServer.Configuration.InstallWizard.RANUController, Microsoft.SqlServer.Configuration.InstallWizard</ControllerType>
          <HelpGUID>dfc27c1e-0fe2-4221-bed5-f52667ddd3c8</HelpGUID>
        </Page>
      </SubPages>
    </Page>

    <Page
      ID="AnalysisServicesConfiguration" PageType="TabbedPage">
      <Title ResourceID="AnalysisServicesConfigurationTitle"></Title>
      <Subtitle ResourceID="AnalysisServicesConfigurationSubtitle"></Subtitle>
      <Buttons>
        <Button ID="Finish" Visible="false"/>
      </Buttons>
      <SubPages>
        <Page
           ID="AccountProvisioning">
          <Title ResourceID="AccountProvisioningTitle"></Title>
          <ControllerType>Microsoft.SqlServer.Configuration.InstallWizard.ASConfigAccountProvisionController, Microsoft.SqlServer.Configuration.InstallWizard</ControllerType>
          <HelpGUID>169b1af2-6fe2-467f-8ca4-919f24c620ce</HelpGUID>
        </Page>
        <Page
           ID="DataDirectories">
          <Title ResourceID="DataDirectoriesTitle"></Title>
          <ControllerType>Microsoft.SqlServer.Configuration.InstallWizard.ASConfigDataDirectoriesController, Microsoft.SqlServer.Configuration.InstallWizard</ControllerType>
          <HelpGUID>ef732855-b7af-4f40-a619-5573c1c354bb</HelpGUID>
        </Page>
      </SubPages>
    </Page>
 
    <Page
      ID="RunCompleteFailoverClusterRules">
      <Title ResourceID="RunCompleteCompleteFailoverClusterRulesTitle"></Title>
      <Subtitle ResourceID="RunCompleteCompleteFailoverClusterRulesSubtitle"></Subtitle>
      <Buttons>
        <Button ID="Finish" Visible="false"/>
        <Button ID="Next" Enabled="false"/>
        <Button ID="Cancel" Enabled="false"/>
      </Buttons>
      <ControllerType>Microsoft.SqlServer.Configuration.InstallWizard.RunFeatureSpecificRuleProgressController, Microsoft.SqlServer.Configuration.InstallWizard</ControllerType>
      <HelpGUID>820f35b7-a3cd-46c9-9963-811633d0711a</HelpGUID>
    </Page>
    <Page
      ID="Summary" PageType="Summary">
      <Title ResourceID="InstallSummaryTitle"></Title>
      <Subtitle ResourceID="InstallSummarySubtitle"></Subtitle>
      <Buttons>
        <Button ID="Next">
          <Text ResourceID="InstallButton"></Text>
        </Button>
        <Button ID="Finish" Visible="false"/>
      </Buttons>
      <ControllerType>Microsoft.SqlServer.Configuration.InstallWizard.SummaryController, Microsoft.SqlServer.Configuration.InstallWizard</ControllerType>
      <HelpGUID>4dd5d5b7-01b7-4b51-9589-764f69bdb7ae</HelpGUID>
    </Page>

    <Page
      ID="InstallationProgressPage"  PageType="Progress">
      <Title ResourceID="InstallationProgressPageTitle"></Title>
      <Subtitle></Subtitle>
      <Buttons>
        <Button ID="Finish" Visible="false"/>
        <Button ID="Back" Visible ="false "/>
        <Button ID="Next" Visible ="true" Enabled="false"/>
        <Button ID="Cancel" Visible="true" Enabled="false"/>
      </Buttons>
      <ControllerType>Microsoft.SqlServer.Configuration.InstallWizard.ExecutionProgressController, Microsoft.SqlServer.Configuration.InstallWizard</ControllerType>
      <HelpGUID>326f675a-bead-48d3-9088-539e9f9c3fc9</HelpGUID>
    </Page>

    <Page
      ID="PostInstall" PageType="Finish" >
      <Title ResourceID="PostInstallTitle"></Title>
      <Subtitle ResourceID="PostInstallSubtitle"></Subtitle>
      <Buttons>
        <Button ID="Finish" Visible="false"/>
        <Button ID="Back" Visible ="false"/>
        <Button ID="Next" Visible ="false"/>
        <Button ID="Cancel">
          <Text ResourceID="CloseButton"></Text>
        </Button>
      </Buttons>
      <ControllerType>Microsoft.SqlServer.Configuration.InstallWizard.PostInstallController, Microsoft.SqlServer.Configuration.InstallWizard</ControllerType>
      <HelpGUID>eb7ddb23-12d0-4c81-9609-4046ccaca7d2</HelpGUID>
    </Page>
  </Pages>

  <Appearance>
    <Title ResourceID="CompleteClusterWizardTitle"></Title>
    <Icon>
      <Name>CompleteCluster</Name>
      <ResourceType>Microsoft.SqlServer.Configuration.InstallWizard.Resources, Microsoft.SqlServer.Configuration.InstallWizard</ResourceType>
    </Icon>    
  </Appearance>
</UIHost>
