<?xml version="1.0" encoding="utf-8" ?>
<UIHost xmlns="http://schemas.microsoft.com/sqlserver/setup/uihost.xsd" ResourceManager="Microsoft.SqlServer.Configuration.InstallWizard.SR, Microsoft.SqlServer.Configuration.InstallWizard">
  <Pages>
    <Page
    ID="RunRules" PageType="InPlaceProgress">
      <Title ResourceID="SystemConfigurationCheckTitle"></Title>
      <Subtitle ResourceID="SystemConfigurationCheckSubtitle"></Subtitle>
      <Buttons>
        <Button ID="Finish" Visible="false"/>
        <Button ID="Back" Visible="false"/>
        <Button ID="Next" Enabled="false">
          <Text ResourceID="OKButton"></Text>
        </Button>
        <Button ID="Cancel" Enabled="false"/>
        <Button ID="Help" Enabled="false"/>

      </Buttons>
      <ControllerType>Microsoft.SqlServer.Configuration.InstallWizard.RunStandaloneRuleProgressController, Microsoft.SqlServer.Configuration.InstallWizard</ControllerType>
    </Page>
  </Pages>

  <Appearance>
    <Title ResourceID="InstallWizardTitle"></Title>
    <Icon>
      <Name>Install</Name>
      <ResourceType>Microsoft.SqlServer.Configuration.InstallWizard.Resources, Microsoft.SqlServer.Configuration.InstallWizard</ResourceType>
    </Icon>
  </Appearance>
</UIHost>
