<ArrayOfPackageId xmlns:xsi="http://www.w3.org/2001/XMLSchema-instance" xmlns:xsd="http://www.w3.org/2001/XMLSchema"><PackageId><Id>sql_engine_core_inst_loc_ctp6</Id><Cpu>Cpu32</Cpu><Language>1028</Language></PackageId><PackageId><Id>sql_engine_core_inst_loc_ctp6</Id><Cpu>Cpu32</Cpu><Language>1031</Language></PackageId><PackageId><Id>sql_engine_core_inst_loc_ctp6</Id><Cpu>Cpu32</Cpu><Language>1033</Language></PackageId><PackageId><Id>sql_engine_core_inst_loc_ctp6</Id><Cpu>Cpu32</Cpu><Language>1036</Language></PackageId><PackageId><Id>sql_engine_core_inst_loc_ctp6</Id><Cpu>Cpu32</Cpu><Language>1040</Language></PackageId><PackageId><Id>sql_engine_core_inst_loc_ctp6</Id><Cpu>Cpu32</Cpu><Language>1041</Language></PackageId><PackageId><Id>sql_engine_core_inst_loc_ctp6</Id><Cpu>Cpu32</Cpu><Language>1042</Language></PackageId><PackageId><Id>sql_engine_core_inst_loc_ctp6</Id><Cpu>Cpu32</Cpu><Language>1046</Language></PackageId><PackageId><Id>sql_engine_core_inst_loc_ctp6</Id><Cpu>Cpu32</Cpu><Language>1049</Language></PackageId><PackageId><Id>sql_engine_core_inst_loc_ctp6</Id><Cpu>Cpu32</Cpu><Language>2052</Language></PackageId><PackageId><Id>sql_engine_core_inst_loc_ctp6</Id><Cpu>Cpu32</Cpu><Language>3082</Language></PackageId><PackageId><Id>sql_engine_core_inst_loc_ctp6</Id><Cpu>Cpu32</Cpu><Language>1053</Language></PackageId><PackageId><Id>sql_fulltext_ctp6</Id><Cpu>Cpu32</Cpu><Language /></PackageId><PackageId><Id>sql_engine_core_inst_ctp6_AnyInstance</Id><Cpu>Cpu32</Cpu><Language /></PackageId><PackageId><Id>sql_as_loc_ctp6</Id><Cpu>Cpu32</Cpu><Language>1028</Language></PackageId><PackageId><Id>sql_as_loc_ctp6</Id><Cpu>Cpu32</Cpu><Language>1031</Language></PackageId><PackageId><Id>sql_as_loc_ctp6</Id><Cpu>Cpu32</Cpu><Language>1033</Language></PackageId><PackageId><Id>sql_as_loc_ctp6</Id><Cpu>Cpu32</Cpu><Language>1036</Language></PackageId><PackageId><Id>sql_as_loc_ctp6</Id><Cpu>Cpu32</Cpu><Language>1040</Language></PackageId><PackageId><Id>sql_as_loc_ctp6</Id><Cpu>Cpu32</Cpu><Language>1041</Language></PackageId><PackageId><Id>sql_as_loc_ctp6</Id><Cpu>Cpu32</Cpu><Language>1042</Language></PackageId><PackageId><Id>sql_as_loc_ctp6</Id><Cpu>Cpu32</Cpu><Language>1046</Language></PackageId><PackageId><Id>sql_as_loc_ctp6</Id><Cpu>Cpu32</Cpu><Language>1049</Language></PackageId><PackageId><Id>sql_as_loc_ctp6</Id><Cpu>Cpu32</Cpu><Language>2052</Language></PackageId><PackageId><Id>sql_as_loc_ctp6</Id><Cpu>Cpu32</Cpu><Language>3082</Language></PackageId><PackageId><Id>sql_as_loc_ctp6</Id><Cpu>Cpu32</Cpu><Language>1053</Language></PackageId><PackageId><Id>sql_as_spi_ctp6</Id><Cpu>Cpu32</Cpu><Language /></PackageId><PackageId><Id>sql_as_ctp6_AnyInstance</Id><Cpu>Cpu32</Cpu><Language /></PackageId><PackageId><Id>sql_rs_loc_ctp6</Id><Cpu>Cpu32</Cpu><Language>1028</Language></PackageId><PackageId><Id>sql_rs_loc_ctp6</Id><Cpu>Cpu32</Cpu><Language>1031</Language></PackageId><PackageId><Id>sql_rs_loc_ctp6</Id><Cpu>Cpu32</Cpu><Language>1033</Language></PackageId><PackageId><Id>sql_rs_loc_ctp6</Id><Cpu>Cpu32</Cpu><Language>1036</Language></PackageId><PackageId><Id>sql_rs_loc_ctp6</Id><Cpu>Cpu32</Cpu><Language>1040</Language></PackageId><PackageId><Id>sql_rs_loc_ctp6</Id><Cpu>Cpu32</Cpu><Language>1041</Language></PackageId><PackageId><Id>sql_rs_loc_ctp6</Id><Cpu>Cpu32</Cpu><Language>1042</Language></PackageId><PackageId><Id>sql_rs_loc_ctp6</Id><Cpu>Cpu32</Cpu><Language>1046</Language></PackageId><PackageId><Id>sql_rs_loc_ctp6</Id><Cpu>Cpu32</Cpu><Language>1049</Language></PackageId><PackageId><Id>sql_rs_loc_ctp6</Id><Cpu>Cpu32</Cpu><Language>2052</Language></PackageId><PackageId><Id>sql_rs_loc_ctp6</Id><Cpu>Cpu32</Cpu><Language>3082</Language></PackageId><PackageId><Id>sql_rs_loc_ctp6</Id><Cpu>Cpu32</Cpu><Language>1053</Language></PackageId><PackageId><Id>sql_rs_ctp6_AnyInstance</Id><Cpu>Cpu32</Cpu><Language /></PackageId><PackageId><Id>sql_is_ctp6</Id><Cpu>Cpu32</Cpu><Language /></PackageId><PackageId><Id>sql_tools_ctp6</Id><Cpu>Cpu32</Cpu><Language /></PackageId><PackageId><Id>sql_bids_ctp6</Id><Cpu>Cpu32</Cpu><Language /></PackageId><PackageId><Id>sql_ssms_ctp6</Id><Cpu>Cpu32</Cpu><Language /></PackageId><PackageId><Id>SqlSupport_CTP2</Id><Cpu>Cpu32</Cpu><Language /></PackageId><PackageId><Id>SqlSupport_CTP3</Id><Cpu>Cpu32</Cpu><Language /></PackageId><PackageId><Id>sql_engine_core_inst_ctp6</Id><Cpu>Cpu32</Cpu><Language /></PackageId><PackageId><Id>sql_as_ctp6</Id><Cpu>Cpu32</Cpu><Language /></PackageId><PackageId><Id>sql_rs_ctp6</Id><Cpu>Cpu32</Cpu><Language /></PackageId><PackageId><Id>SqlSupport_CTP5</Id><Cpu>Cpu32</Cpu><Language /></PackageId><PackageId><Id>Sql_CTP5</Id><Cpu>Cpu32</Cpu><Language /></PackageId><PackageId><Id>AS_CTP5</Id><Cpu>Cpu32</Cpu><Language /></PackageId><PackageId><Id>RS_CTP5</Id><Cpu>Cpu32</Cpu><Language /></PackageId><PackageId><Id>IS_CTP5</Id><Cpu>Cpu32</Cpu><Language /></PackageId><PackageId><Id>BIDS_CTP5</Id><Cpu>Cpu32</Cpu><Language /></PackageId><PackageId><Id>Tools_CTP5</Id><Cpu>Cpu32</Cpu><Language /></PackageId><PackageId><Id>Sql2005_AnyInstance</Id><Cpu>Cpu32</Cpu><Language /></PackageId><PackageId><Id>AS2005_AnyInstance</Id><Cpu>Cpu32</Cpu><Language /></PackageId><PackageId><Id>RS2005_AnyInstance</Id><Cpu>Cpu32</Cpu><Language /></PackageId><PackageId><Id>Tools2005</Id><Cpu>Cpu32</Cpu><Language /></PackageId><PackageId><Id>SqlSupport2005</Id><Cpu>Cpu32</Cpu><Language /></PackageId><PackageId><Id>Sql2005</Id><Cpu>Cpu32</Cpu><Language /></PackageId><PackageId><Id>AS2005</Id><Cpu>Cpu32</Cpu><Language /></PackageId><PackageId><Id>RS2005</Id><Cpu>Cpu32</Cpu><Language /></PackageId><PackageId><Id>IS2005</Id><Cpu>Cpu32</Cpu><Language /></PackageId><PackageId><Id>Sql2000Ent</Id><Cpu>Cpu32</Cpu><Language /></PackageId><PackageId><Id>Sql2000Ent_AnyInstance</Id><Cpu>Cpu32</Cpu><Language /></PackageId><PackageId><Id>Tools2000Ent</Id><Cpu>Cpu32</Cpu><Language /></PackageId><PackageId><Id>RS2000Ent</Id><Cpu>Cpu32</Cpu><Language /></PackageId><PackageId><Id>RS2000Ent_AnyInstance</Id><Cpu>Cpu32</Cpu><Language /></PackageId><PackageId><Id>AS2000Ent</Id><Cpu>Cpu32</Cpu><Language /></PackageId><PackageId><Id>AS2000Ent_AnyInstance</Id><Cpu>Cpu32</Cpu><Language /></PackageId><PackageId><Id>Sql2000Msde</Id><Cpu>Cpu32</Cpu><Language /></PackageId><PackageId><Id>Sql2000Msde_AnyInstance</Id><Cpu>Cpu32</Cpu><Language /></PackageId><PackageId><Id>Sql2000ia64</Id><Cpu>Cpu32</Cpu><Language /></PackageId><PackageId><Id>Sql2000ia64_AnyInstance</Id><Cpu>Cpu32</Cpu><Language /></PackageId><PackageId><Id>Sql2000ia64_AS</Id><Cpu>Cpu32</Cpu><Language /></PackageId><PackageId><Id>sql_as_spi</Id><Cpu>Cpu32</Cpu><Language /></PackageId><PackageId><Id>WatsonX86</Id><Cpu>Cpu32</Cpu><Language /></PackageId><PackageId><Id>SqlSupport</Id><Cpu>Cpu32</Cpu><Language /></PackageId><PackageId><Id>sqlncli</Id><Cpu>Cpu32</Cpu><Language /></PackageId><PackageId><Id>Msxml6</Id><Cpu>Cpu32</Cpu><Language /></PackageId><PackageId><Id>SSCESqlWbTools</Id><Cpu>Cpu32</Cpu><Language /></PackageId><PackageId><Id>SqlWriter</Id><Cpu>Cpu32</Cpu><Language /></PackageId><PackageId><Id>BOL</Id><Cpu>Cpu32</Cpu><Language /></PackageId><PackageId><Id>BestPracticesPolicies</Id><Cpu>Cpu32</Cpu><Language /></PackageId><PackageId><Id>Synchronization</Id><Cpu>Cpu32</Cpu><Language /></PackageId><PackageId><Id>SQLServer2005_BC</Id><Cpu>Cpu32</Cpu><Language /></PackageId><PackageId><Id>SqlSqmShared</Id><Cpu>Cpu32</Cpu><Language /></PackageId><PackageId><Id>SQLSysClrTypes</Id><Cpu>Cpu32</Cpu><Language /></PackageId><PackageId><Id>OWC11</Id><Cpu>Cpu32</Cpu><Language /></PackageId><PackageId><Id>SSCRuntime</Id><Cpu>Cpu32</Cpu><Language /></PackageId><PackageId><Id>SyncServicesADO</Id><Cpu>Cpu32</Cpu><Language /></PackageId><PackageId><Id>trin_aide</Id><Cpu>Cpu32</Cpu><Language /></PackageId><PackageId><Id>VstaRedistWithLangPack</Id><Cpu>Cpu32</Cpu><Language>1028</Language></PackageId><PackageId><Id>VstaRedistWithLangPack</Id><Cpu>Cpu32</Cpu><Language>1031</Language></PackageId><PackageId><Id>VstaRedistWithLangPack</Id><Cpu>Cpu32</Cpu><Language>1033</Language></PackageId><PackageId><Id>VstaRedistWithLangPack</Id><Cpu>Cpu32</Cpu><Language>1036</Language></PackageId><PackageId><Id>VstaRedistWithLangPack</Id><Cpu>Cpu32</Cpu><Language>1040</Language></PackageId><PackageId><Id>VstaRedistWithLangPack</Id><Cpu>Cpu32</Cpu><Language>1041</Language></PackageId><PackageId><Id>VstaRedistWithLangPack</Id><Cpu>Cpu32</Cpu><Language>1042</Language></PackageId><PackageId><Id>VstaRedistWithLangPack</Id><Cpu>Cpu32</Cpu><Language>1046</Language></PackageId><PackageId><Id>VstaRedistWithLangPack</Id><Cpu>Cpu32</Cpu><Language>1049</Language></PackageId><PackageId><Id>VstaRedistWithLangPack</Id><Cpu>Cpu32</Cpu><Language>2052</Language></PackageId><PackageId><Id>VstaRedistWithLangPack</Id><Cpu>Cpu32</Cpu><Language>3082</Language></PackageId><PackageId><Id>VstaRedistWithLangPack</Id><Cpu>Cpu32</Cpu><Language>1053</Language></PackageId><PackageId><Id>VS_Shell</Id><Cpu>Cpu32</Cpu><Language /></PackageId><PackageId><Id>msreportviewer90sp1</Id><Cpu>Cpu32</Cpu><Language /></PackageId><PackageId><Id>msreportviewer90sp1_langpack</Id><Cpu>Cpu32</Cpu><Language>1028</Language></PackageId><PackageId><Id>msreportviewer90sp1_langpack</Id><Cpu>Cpu32</Cpu><Language>1031</Language></PackageId><PackageId><Id>msreportviewer90sp1_langpack</Id><Cpu>Cpu32</Cpu><Language>1033</Language></PackageId><PackageId><Id>msreportviewer90sp1_langpack</Id><Cpu>Cpu32</Cpu><Language>1036</Language></PackageId><PackageId><Id>msreportviewer90sp1_langpack</Id><Cpu>Cpu32</Cpu><Language>1040</Language></PackageId><PackageId><Id>msreportviewer90sp1_langpack</Id><Cpu>Cpu32</Cpu><Language>1041</Language></PackageId><PackageId><Id>msreportviewer90sp1_langpack</Id><Cpu>Cpu32</Cpu><Language>1042</Language></PackageId><PackageId><Id>msreportviewer90sp1_langpack</Id><Cpu>Cpu32</Cpu><Language>1046</Language></PackageId><PackageId><Id>msreportviewer90sp1_langpack</Id><Cpu>Cpu32</Cpu><Language>1049</Language></PackageId><PackageId><Id>msreportviewer90sp1_langpack</Id><Cpu>Cpu32</Cpu><Language>2052</Language></PackageId><PackageId><Id>msreportviewer90sp1_langpack</Id><Cpu>Cpu32</Cpu><Language>3082</Language></PackageId><PackageId><Id>msreportviewer90sp1_langpack</Id><Cpu>Cpu32</Cpu><Language>1053</Language></PackageId><PackageId><Id>SqlSupport_KatmaiRTM</Id><Cpu>Cpu32</Cpu><Language /></PackageId><PackageId><Id>sql_common_core</Id><Cpu>Cpu32</Cpu><Language /></PackageId><PackageId><Id>sql_engine_core_shared</Id><Cpu>Cpu32</Cpu><Language /></PackageId><PackageId><Id>sql_rs</Id><Cpu>Cpu32</Cpu><Language /></PackageId><PackageId><Id>sql_is</Id><Cpu>Cpu32</Cpu><Language /></PackageId><PackageId><Id>sql_bids</Id><Cpu>Cpu32</Cpu><Language /></PackageId><PackageId><Id>sql_ssms</Id><Cpu>Cpu32</Cpu><Language /></PackageId><PackageId><Id>sql_tools</Id><Cpu>Cpu32</Cpu><Language /></PackageId><PackageId><Id>sql_common_core_loc</Id><Cpu>Cpu32</Cpu><Language>1028</Language></PackageId><PackageId><Id>sql_engine_core_shared_loc</Id><Cpu>Cpu32</Cpu><Language>1028</Language></PackageId><PackageId><Id>sql_rs_loc</Id><Cpu>Cpu32</Cpu><Language>1028</Language></PackageId><PackageId><Id>sql_is_loc</Id><Cpu>Cpu32</Cpu><Language>1028</Language></PackageId><PackageId><Id>sql_bids_loc</Id><Cpu>Cpu32</Cpu><Language>1028</Language></PackageId><PackageId><Id>sql_ssms_loc</Id><Cpu>Cpu32</Cpu><Language>1028</Language></PackageId><PackageId><Id>sql_tools_loc</Id><Cpu>Cpu32</Cpu><Language>1028</Language></PackageId><PackageId><Id>sql_common_core_loc</Id><Cpu>Cpu32</Cpu><Language>1031</Language></PackageId><PackageId><Id>sql_engine_core_shared_loc</Id><Cpu>Cpu32</Cpu><Language>1031</Language></PackageId><PackageId><Id>sql_rs_loc</Id><Cpu>Cpu32</Cpu><Language>1031</Language></PackageId><PackageId><Id>sql_is_loc</Id><Cpu>Cpu32</Cpu><Language>1031</Language></PackageId><PackageId><Id>sql_bids_loc</Id><Cpu>Cpu32</Cpu><Language>1031</Language></PackageId><PackageId><Id>sql_ssms_loc</Id><Cpu>Cpu32</Cpu><Language>1031</Language></PackageId><PackageId><Id>sql_tools_loc</Id><Cpu>Cpu32</Cpu><Language>1031</Language></PackageId><PackageId><Id>sql_common_core_loc</Id><Cpu>Cpu32</Cpu><Language>1033</Language></PackageId><PackageId><Id>sql_engine_core_shared_loc</Id><Cpu>Cpu32</Cpu><Language>1033</Language></PackageId><PackageId><Id>sql_rs_loc</Id><Cpu>Cpu32</Cpu><Language>1033</Language></PackageId><PackageId><Id>sql_is_loc</Id><Cpu>Cpu32</Cpu><Language>1033</Language></PackageId><PackageId><Id>sql_bids_loc</Id><Cpu>Cpu32</Cpu><Language>1033</Language></PackageId><PackageId><Id>sql_ssms_loc</Id><Cpu>Cpu32</Cpu><Language>1033</Language></PackageId><PackageId><Id>sql_tools_loc</Id><Cpu>Cpu32</Cpu><Language>1033</Language></PackageId><PackageId><Id>sql_common_core_loc</Id><Cpu>Cpu32</Cpu><Language>1036</Language></PackageId><PackageId><Id>sql_engine_core_shared_loc</Id><Cpu>Cpu32</Cpu><Language>1036</Language></PackageId><PackageId><Id>sql_rs_loc</Id><Cpu>Cpu32</Cpu><Language>1036</Language></PackageId><PackageId><Id>sql_is_loc</Id><Cpu>Cpu32</Cpu><Language>1036</Language></PackageId><PackageId><Id>sql_bids_loc</Id><Cpu>Cpu32</Cpu><Language>1036</Language></PackageId><PackageId><Id>sql_ssms_loc</Id><Cpu>Cpu32</Cpu><Language>1036</Language></PackageId><PackageId><Id>sql_tools_loc</Id><Cpu>Cpu32</Cpu><Language>1036</Language></PackageId><PackageId><Id>sql_common_core_loc</Id><Cpu>Cpu32</Cpu><Language>1040</Language></PackageId><PackageId><Id>sql_engine_core_shared_loc</Id><Cpu>Cpu32</Cpu><Language>1040</Language></PackageId><PackageId><Id>sql_rs_loc</Id><Cpu>Cpu32</Cpu><Language>1040</Language></PackageId><PackageId><Id>sql_is_loc</Id><Cpu>Cpu32</Cpu><Language>1040</Language></PackageId><PackageId><Id>sql_bids_loc</Id><Cpu>Cpu32</Cpu><Language>1040</Language></PackageId><PackageId><Id>sql_ssms_loc</Id><Cpu>Cpu32</Cpu><Language>1040</Language></PackageId><PackageId><Id>sql_tools_loc</Id><Cpu>Cpu32</Cpu><Language>1040</Language></PackageId><PackageId><Id>sql_common_core_loc</Id><Cpu>Cpu32</Cpu><Language>1041</Language></PackageId><PackageId><Id>sql_engine_core_shared_loc</Id><Cpu>Cpu32</Cpu><Language>1041</Language></PackageId><PackageId><Id>sql_rs_loc</Id><Cpu>Cpu32</Cpu><Language>1041</Language></PackageId><PackageId><Id>sql_is_loc</Id><Cpu>Cpu32</Cpu><Language>1041</Language></PackageId><PackageId><Id>sql_bids_loc</Id><Cpu>Cpu32</Cpu><Language>1041</Language></PackageId><PackageId><Id>sql_ssms_loc</Id><Cpu>Cpu32</Cpu><Language>1041</Language></PackageId><PackageId><Id>sql_tools_loc</Id><Cpu>Cpu32</Cpu><Language>1041</Language></PackageId><PackageId><Id>sql_common_core_loc</Id><Cpu>Cpu32</Cpu><Language>1042</Language></PackageId><PackageId><Id>sql_engine_core_shared_loc</Id><Cpu>Cpu32</Cpu><Language>1042</Language></PackageId><PackageId><Id>sql_rs_loc</Id><Cpu>Cpu32</Cpu><Language>1042</Language></PackageId><PackageId><Id>sql_is_loc</Id><Cpu>Cpu32</Cpu><Language>1042</Language></PackageId><PackageId><Id>sql_bids_loc</Id><Cpu>Cpu32</Cpu><Language>1042</Language></PackageId><PackageId><Id>sql_ssms_loc</Id><Cpu>Cpu32</Cpu><Language>1042</Language></PackageId><PackageId><Id>sql_tools_loc</Id><Cpu>Cpu32</Cpu><Language>1042</Language></PackageId><PackageId><Id>sql_common_core_loc</Id><Cpu>Cpu32</Cpu><Language>1046</Language></PackageId><PackageId><Id>sql_engine_core_shared_loc</Id><Cpu>Cpu32</Cpu><Language>1046</Language></PackageId><PackageId><Id>sql_rs_loc</Id><Cpu>Cpu32</Cpu><Language>1046</Language></PackageId><PackageId><Id>sql_is_loc</Id><Cpu>Cpu32</Cpu><Language>1046</Language></PackageId><PackageId><Id>sql_bids_loc</Id><Cpu>Cpu32</Cpu><Language>1046</Language></PackageId><PackageId><Id>sql_ssms_loc</Id><Cpu>Cpu32</Cpu><Language>1046</Language></PackageId><PackageId><Id>sql_tools_loc</Id><Cpu>Cpu32</Cpu><Language>1046</Language></PackageId><PackageId><Id>sql_common_core_loc</Id><Cpu>Cpu32</Cpu><Language>1049</Language></PackageId><PackageId><Id>sql_engine_core_shared_loc</Id><Cpu>Cpu32</Cpu><Language>1049</Language></PackageId><PackageId><Id>sql_rs_loc</Id><Cpu>Cpu32</Cpu><Language>1049</Language></PackageId><PackageId><Id>sql_is_loc</Id><Cpu>Cpu32</Cpu><Language>1049</Language></PackageId><PackageId><Id>sql_bids_loc</Id><Cpu>Cpu32</Cpu><Language>1049</Language></PackageId><PackageId><Id>sql_ssms_loc</Id><Cpu>Cpu32</Cpu><Language>1049</Language></PackageId><PackageId><Id>sql_tools_loc</Id><Cpu>Cpu32</Cpu><Language>1049</Language></PackageId><PackageId><Id>sql_common_core_loc</Id><Cpu>Cpu32</Cpu><Language>2052</Language></PackageId><PackageId><Id>sql_engine_core_shared_loc</Id><Cpu>Cpu32</Cpu><Language>2052</Language></PackageId><PackageId><Id>sql_rs_loc</Id><Cpu>Cpu32</Cpu><Language>2052</Language></PackageId><PackageId><Id>sql_is_loc</Id><Cpu>Cpu32</Cpu><Language>2052</Language></PackageId><PackageId><Id>sql_bids_loc</Id><Cpu>Cpu32</Cpu><Language>2052</Language></PackageId><PackageId><Id>sql_ssms_loc</Id><Cpu>Cpu32</Cpu><Language>2052</Language></PackageId><PackageId><Id>sql_tools_loc</Id><Cpu>Cpu32</Cpu><Language>2052</Language></PackageId><PackageId><Id>sql_common_core_loc</Id><Cpu>Cpu32</Cpu><Language>3082</Language></PackageId><PackageId><Id>sql_engine_core_shared_loc</Id><Cpu>Cpu32</Cpu><Language>3082</Language></PackageId><PackageId><Id>sql_rs_loc</Id><Cpu>Cpu32</Cpu><Language>3082</Language></PackageId><PackageId><Id>sql_is_loc</Id><Cpu>Cpu32</Cpu><Language>3082</Language></PackageId><PackageId><Id>sql_bids_loc</Id><Cpu>Cpu32</Cpu><Language>3082</Language></PackageId><PackageId><Id>sql_ssms_loc</Id><Cpu>Cpu32</Cpu><Language>3082</Language></PackageId><PackageId><Id>sql_tools_loc</Id><Cpu>Cpu32</Cpu><Language>3082</Language></PackageId><PackageId><Id>sql_common_core_loc</Id><Cpu>Cpu32</Cpu><Language>1053</Language></PackageId><PackageId><Id>sql_engine_core_shared_loc</Id><Cpu>Cpu32</Cpu><Language>1053</Language></PackageId><PackageId><Id>sql_rs_loc</Id><Cpu>Cpu32</Cpu><Language>1053</Language></PackageId><PackageId><Id>sql_is_loc</Id><Cpu>Cpu32</Cpu><Language>1053</Language></PackageId><PackageId><Id>sql_bids_loc</Id><Cpu>Cpu32</Cpu><Language>1053</Language></PackageId><PackageId><Id>sql_ssms_loc</Id><Cpu>Cpu32</Cpu><Language>1053</Language></PackageId><PackageId><Id>sql_tools_loc</Id><Cpu>Cpu32</Cpu><Language>1053</Language></PackageId><PackageId><Id>SqlBrowser</Id><Cpu>Cpu32</Cpu><Language /></PackageId><PackageId><Id>sql_as</Id><Cpu>Cpu32</Cpu><Language /></PackageId><PackageId><Id>sql_as_loc</Id><Cpu>Cpu32</Cpu><Language>1028</Language></PackageId><PackageId><Id>sql_as_loc</Id><Cpu>Cpu32</Cpu><Language>1031</Language></PackageId><PackageId><Id>sql_as_loc</Id><Cpu>Cpu32</Cpu><Language>1033</Language></PackageId><PackageId><Id>sql_as_loc</Id><Cpu>Cpu32</Cpu><Language>1036</Language></PackageId><PackageId><Id>sql_as_loc</Id><Cpu>Cpu32</Cpu><Language>1040</Language></PackageId><PackageId><Id>sql_as_loc</Id><Cpu>Cpu32</Cpu><Language>1041</Language></PackageId><PackageId><Id>sql_as_loc</Id><Cpu>Cpu32</Cpu><Language>1042</Language></PackageId><PackageId><Id>sql_as_loc</Id><Cpu>Cpu32</Cpu><Language>1046</Language></PackageId><PackageId><Id>sql_as_loc</Id><Cpu>Cpu32</Cpu><Language>1049</Language></PackageId><PackageId><Id>sql_as_loc</Id><Cpu>Cpu32</Cpu><Language>2052</Language></PackageId><PackageId><Id>sql_as_loc</Id><Cpu>Cpu32</Cpu><Language>3082</Language></PackageId><PackageId><Id>sql_as_loc</Id><Cpu>Cpu32</Cpu><Language>1053</Language></PackageId><PackageId><Id>RsFx</Id><Cpu>Cpu32</Cpu><Language /></PackageId><PackageId><Id>sql_engine_core_inst</Id><Cpu>Cpu32</Cpu><Language /></PackageId><PackageId><Id>sql_engine_core_inst_loc</Id><Cpu>Cpu32</Cpu><Language>1028</Language></PackageId><PackageId><Id>sql_engine_core_inst_loc</Id><Cpu>Cpu32</Cpu><Language>1031</Language></PackageId><PackageId><Id>sql_engine_core_inst_loc</Id><Cpu>Cpu32</Cpu><Language>1033</Language></PackageId><PackageId><Id>sql_engine_core_inst_loc</Id><Cpu>Cpu32</Cpu><Language>1036</Language></PackageId><PackageId><Id>sql_engine_core_inst_loc</Id><Cpu>Cpu32</Cpu><Language>1040</Language></PackageId><PackageId><Id>sql_engine_core_inst_loc</Id><Cpu>Cpu32</Cpu><Language>1041</Language></PackageId><PackageId><Id>sql_engine_core_inst_loc</Id><Cpu>Cpu32</Cpu><Language>1042</Language></PackageId><PackageId><Id>sql_engine_core_inst_loc</Id><Cpu>Cpu32</Cpu><Language>1046</Language></PackageId><PackageId><Id>sql_engine_core_inst_loc</Id><Cpu>Cpu32</Cpu><Language>1049</Language></PackageId><PackageId><Id>sql_engine_core_inst_loc</Id><Cpu>Cpu32</Cpu><Language>2052</Language></PackageId><PackageId><Id>sql_engine_core_inst_loc</Id><Cpu>Cpu32</Cpu><Language>3082</Language></PackageId><PackageId><Id>sql_engine_core_inst_loc</Id><Cpu>Cpu32</Cpu><Language>1053</Language></PackageId><PackageId><Id>sql_fulltext</Id><Cpu>Cpu32</Cpu><Language /></PackageId></ArrayOfPackageId>