<CommonPropertyStore xmlns:xsi="http://www.w3.org/2001/XMLSchema-instance" xmlns:xsd="http://www.w3.org/2001/XMLSchema" xmlns="http://www.microsoft.com/sql/slp/CommonProperties.xsd"><CommonProperties><Item><Name><string xmlns="">detailedLogFile</string></Name><Value><string xmlns="">C:\Program Files\Microsoft SQL Server\100\Setup Bootstrap\Log\20120817_154611\Detail.txt</string></Value></Item><Item><Name><string xmlns="">ActionName</string></Name><Value><string xmlns="" /></Value></Item><Item><Name><string xmlns="">/Package/ProductName</string></Name><Value><string xmlns="">SQL2008</string></Value></Item><Item><Name><string xmlns="">/Package/SupportedLanguages</string></Name><Value><string xmlns="">1028;1031;1033;1036;1040;1041;1042;1046;1049;2052;3082;1053</string></Value></Item><Item><Name><string xmlns="">/Package/LogPath</string></Name><Value><string xmlns="">%ProgramFiles%\Microsoft SQL Server\100\Setup Bootstrap\Log</string></Value></Item><Item><Name><string xmlns="">/Package/GlobalProperties/StopActionRequireMode</string></Name><Value><string xmlns="">ShowProgressOnly</string></Value></Item><Item><Name><string xmlns="">/Scenario/GlobalProperties/FeatureSpecificRulesGroup</string></Name><Value><string xmlns="">InstallFeatureSpecificRules</string></Value></Item><Item><Name><string xmlns="">/Scenario/GlobalProperties/FeatureSpecificConfigRulesGroup</string></Name><Value><string xmlns="">InstallFeatureSpecificConfigRules</string></Value></Item><Item><Name><string xmlns="">/Scenario/GlobalProperties/GlobalRulesGroup</string></Name><Value><string xmlns="">InstallGlobalRules</string></Value></Item><Item><Name><string xmlns="">/Scenario/GlobalProperties/WizardMoniker</string></Name><Value><string xmlns="">InstallWizard</string></Value></Item><Item><Name><string xmlns="">summaryLogFile</string></Name><Value><string xmlns="">C:\Program Files\Microsoft SQL Server\100\Setup Bootstrap\Log\20120817_154611\Summary_DigitalAttitude_20120817_154611.txt</string></Value></Item><Item><Name><string xmlns="">DisableRetry</string></Name><Value><string xmlns="" /></Value></Item><Item><Name><string xmlns="">ConfigData</string></Name><Value><string xmlns="" /></Value></Item><Item><Name><string xmlns="">CurrentMsiLogName</string></Name><Value><string xmlns="">C:\Program Files\Microsoft SQL Server\100\Setup Bootstrap\Log\20120817_154611\sql_engine_core_inst_loc_Cpu32_1033_1.log</string></Value></Item><Item><Name><string xmlns="">CurrentMsiName</string></Name><Value><string xmlns="">sql_engine_core_inst_loc.msi</string></Value></Item><Item><Name><string xmlns="">CurrentMsiVersion</string></Name><Value><string xmlns="">10.50.1600.1</string></Value></Item><Item><Name><string xmlns="">MsiWatsonBucketGenerated</string></Name><Value><string xmlns="" /></Value></Item><Item><Name><string xmlns="">WatsonBucketActionName</string></Name><Value><string xmlns="">RemoveSupportFiles_32</string></Value></Item><Item><Name><string xmlns="">CurrentMsiActionName</string></Name><Value><string xmlns="">RemoveSupportFiles_32. Removing temporary files</string></Value></Item></CommonProperties><CommonFlags><Item><Name><string xmlns="">/Scenario/Patching/IsRunningInnerSetup</string></Name><Value><boolean xmlns="">false</boolean></Value></Item><Item><Name><string xmlns="">/Scenario/GlobalFlags/EnableMsiInstallation</string></Name><Value><boolean xmlns="">true</boolean></Value></Item><Item><Name><string xmlns="">/Scenario/GlobalFlags/EnableSlipstream</string></Name><Value><boolean xmlns="">true</boolean></Value></Item><Item><Name><string xmlns="">/Scenario/GlobalFlags/IsUserInterfaceSupported</string></Name><Value><boolean xmlns="">true</boolean></Value></Item><Item><Name><string xmlns="">/Scenario/GlobalFlags/EnableFeatureSpecificRules</string></Name><Value><boolean xmlns="">true</boolean></Value></Item><Item><Name><string xmlns="">/Scenario/GlobalFlags/EnableFeatureSpecificConfigRules</string></Name><Value><boolean xmlns="">true</boolean></Value></Item><Item><Name><string xmlns="">/Scenario/GlobalFlags/EnableGlobalRules</string></Name><Value><boolean xmlns="">true</boolean></Value></Item><Item><Name><string xmlns="">/Scenario/GlobalFlags/EnableNewMultiInstanceFeatureInstall</string></Name><Value><boolean xmlns="">true</boolean></Value></Item><Item><Name><string xmlns="">/Scenario/GlobalFlags/EnableSxSUpgrade</string></Name><Value><boolean xmlns="">true</boolean></Value></Item><Item><Name><string xmlns="">/Scenario/GlobalFlags/IsMediaRequired</string></Name><Value><boolean xmlns="">true</boolean></Value></Item><Item><Name><string xmlns="">/Scenario/GlobalFlags/EnableExternalMsiConfiguration</string></Name><Value><boolean xmlns="">true</boolean></Value></Item><Item><Name><string xmlns="">/Scenario/GlobalFlags/EnableDiscoverableProducts</string></Name><Value><boolean xmlns="">true</boolean></Value></Item><Item><Name><string xmlns="">/Scenario/GlobalFlags/AreProductFeaturesSupported</string></Name><Value><boolean xmlns="">true</boolean></Value></Item><Item><Name><string xmlns="">/Scenario/GlobalFlags/IsUserVisibleScenario</string></Name><Value><boolean xmlns="">true</boolean></Value></Item><Item><Name><string xmlns="">/Extension/Agent/EnableDetermineAgentSecurity</string></Name><Value><boolean xmlns="">true</boolean></Value></Item><Item><Name><string xmlns="">/Extension/Agent/ServiceSIDSupported</string></Name><Value><boolean xmlns="">true</boolean></Value></Item><Item><Name><string xmlns="">/Extension/Agent/EnableAclServiceSID</string></Name><Value><boolean xmlns="">false</boolean></Value></Item><Item><Name><string xmlns="">/Extension/Agent/CreateUserGroup</string></Name><Value><boolean xmlns="">true</boolean></Value></Item><Item><Name><string xmlns="">/Extension/Agent/AddUserToGroup</string></Name><Value><boolean xmlns="">true</boolean></Value></Item><Item><Name><string xmlns="">/Extension/Agent/IsSharedDriveAvailable</string></Name><Value><boolean xmlns="">true</boolean></Value></Item><Item><Name><string xmlns="">/Extension/Agent/CreateService</string></Name><Value><boolean xmlns="">true</boolean></Value></Item><Item><Name><string xmlns="">/Extension/Agent/SetAgentServiceStartMode</string></Name><Value><boolean xmlns="">true</boolean></Value></Item><Item><Name><string xmlns="">/Extension/Agent/EnableCreateLocalGroup</string></Name><Value><boolean xmlns="">true</boolean></Value></Item></CommonFlags></CommonPropertyStore>