<SqlDiscoveryData><Machine Urn="Machine[@ID='DIGITALATTITUDE']" ID="DIGITALATTITUDE" Name="DIGITALATTITUDE" OsVersion="6.1.7601.65536" OsServicePack="Service Pack 1" Architecture="Win32NT" IsCluster="False" IsPendingReboot="False"><Product Urn="Machine[@ID='DIGITALATTITUDE']/Product[@ID='SQL2005']" ID="SQL2005" Name="Microsoft SQL Server 2005" Version="9"><Feature Urn="Machine[@ID='DIGITALATTITUDE']/Product[@ID='SQL2005']/Feature[@ID='DTS' and @RegistryPath='SOFTWARE\Microsoft\Microsoft SQL Server\90\DTS\Setup' and @RootPath='SOFTWARE\Microsoft\Microsoft SQL Server\90']" InstalledState="" ID="DTS" RegistryPath="SOFTWARE\Microsoft\Microsoft SQL Server\90\DTS\Setup" RegistryPathSetupRoot="SOFTWARE\Microsoft\Microsoft SQL Server\90\DTS\Setup" RootPath="SOFTWARE\Microsoft\Microsoft SQL Server\90" Parent="" InstanceId="" Edition="" EditionType="" EditionValue="Invalid" ProductCode="" ProductAlias="DTS" SQLPath="" SQLDataRoot="" Version="" MinorVersion="" FeatureList="" ClusterName="" Language="" CpuType="x86" PatchLevel="" FeatureHiveRoot="SOFTWARE\Microsoft\Microsoft SQL Server\90\DTS\ClientSetup" Unconfigured="0" /><Feature Urn="Machine[@ID='DIGITALATTITUDE']/Product[@ID='SQL2005']/Feature[@ID='Tools' and @RegistryPath='SOFTWARE\Microsoft\Microsoft SQL Server\90\Tools\Setup' and @RootPath='SOFTWARE\Microsoft\Microsoft SQL Server\90']" InstalledState="" ID="Tools" RegistryPath="SOFTWARE\Microsoft\Microsoft SQL Server\90\Tools\Setup" RegistryPathSetupRoot="SOFTWARE\Microsoft\Microsoft SQL Server\90\Tools\Setup" RootPath="SOFTWARE\Microsoft\Microsoft SQL Server\90" Parent="" InstanceId="" Edition="" EditionType="" EditionValue="Invalid" ProductCode="" ProductAlias="" SQLPath="" SQLDataRoot="" Version="" MinorVersion="" FeatureList="" ClusterName="" Language="" CpuType="x86" PatchLevel="" FeatureHiveRoot="SOFTWARE\Microsoft\Microsoft SQL Server\90\Tools\ClientSetup" Unconfigured="0" /><Feature Urn="Machine[@ID='DIGITALATTITUDE']/Product[@ID='SQL2005']/Feature[@ID='Tools\ToolsClient' and @RegistryPath='SOFTWARE\Microsoft\Microsoft SQL Server\90\Tools\Setup' and @RootPath='SOFTWARE\Microsoft\Microsoft SQL Server\90']" InstalledState="" ID="Tools\ToolsClient" RegistryPath="SOFTWARE\Microsoft\Microsoft SQL Server\90\Tools\Setup" RegistryPathSetupRoot="SOFTWARE\Microsoft\Microsoft SQL Server\90\Tools\Setup" RootPath="SOFTWARE\Microsoft\Microsoft SQL Server\90" Parent="Tools" InstanceId="" Edition="" EditionType="" EditionValue="Invalid" ProductCode="" ProductAlias="" SQLPath="" SQLDataRoot="" Version="" MinorVersion="" FeatureList="" ClusterName="" Language="" CpuType="x86" PatchLevel="" FeatureHiveRoot="SOFTWARE\Microsoft\Microsoft SQL Server\90\Tools\ClientSetup" Unconfigured="0" /><Feature Urn="Machine[@ID='DIGITALATTITUDE']/Product[@ID='SQL2005']/Feature[@ID='Tools\ToolsClient\Connectivity' and @RegistryPath='SOFTWARE\Microsoft\Microsoft SQL Server\90\Tools\Setup' and @RootPath='SOFTWARE\Microsoft\Microsoft SQL Server\90']" InstalledState="" ID="Tools\ToolsClient\Connectivity" RegistryPath="SOFTWARE\Microsoft\Microsoft SQL Server\90\Tools\Setup" RegistryPathSetupRoot="SOFTWARE\Microsoft\Microsoft SQL Server\90\Tools\Setup" RootPath="SOFTWARE\Microsoft\Microsoft SQL Server\90" Parent="ToolsClient" InstanceId="" Edition="" EditionType="" EditionValue="Invalid" ProductCode="" ProductAlias="" SQLPath="" SQLDataRoot="" Version="" MinorVersion="" FeatureList="" ClusterName="" Language="" CpuType="x86" PatchLevel="" FeatureHiveRoot="SOFTWARE\Microsoft\Microsoft SQL Server\90\Tools\ClientSetup" Unconfigured="0" /><Feature Urn="Machine[@ID='DIGITALATTITUDE']/Product[@ID='SQL2005']/Feature[@ID='Tools\ToolsDocument' and @RegistryPath='SOFTWARE\Microsoft\Microsoft SQL Server\90\Tools\Setup' and @RootPath='SOFTWARE\Microsoft\Microsoft SQL Server\90']" InstalledState="" ID="Tools\ToolsDocument" RegistryPath="SOFTWARE\Microsoft\Microsoft SQL Server\90\Tools\Setup" RegistryPathSetupRoot="SOFTWARE\Microsoft\Microsoft SQL Server\90\Tools\Setup" RootPath="SOFTWARE\Microsoft\Microsoft SQL Server\90" Parent="Tools" InstanceId="" Edition="" EditionType="" EditionValue="Invalid" ProductCode="" ProductAlias="" SQLPath="" SQLDataRoot="" Version="" MinorVersion="" FeatureList="" ClusterName="" Language="" CpuType="x86" PatchLevel="" FeatureHiveRoot="SOFTWARE\Microsoft\Microsoft SQL Server\90\Tools\ClientSetup" Unconfigured="0" /><Feature Urn="Machine[@ID='DIGITALATTITUDE']/Product[@ID='SQL2005']/Feature[@ID='Tools\ToolsDocument\BOL' and @RegistryPath='SOFTWARE\Microsoft\Microsoft SQL Server\90\Tools\Setup' and @RootPath='SOFTWARE\Microsoft\Microsoft SQL Server\90']" InstalledState="" ID="Tools\ToolsDocument\BOL" RegistryPath="SOFTWARE\Microsoft\Microsoft SQL Server\90\Tools\Setup" RegistryPathSetupRoot="SOFTWARE\Microsoft\Microsoft SQL Server\90\Tools\Setup" RootPath="SOFTWARE\Microsoft\Microsoft SQL Server\90" Parent="ToolsDocument" InstanceId="" Edition="" EditionType="" EditionValue="Invalid" ProductCode="" ProductAlias="" SQLPath="" SQLDataRoot="" Version="" MinorVersion="" FeatureList="" ClusterName="" Language="" CpuType="x86" PatchLevel="" FeatureHiveRoot="SOFTWARE\Microsoft\Microsoft SQL Server\90\Tools\ClientSetup" Unconfigured="0" /><Feature Urn="Machine[@ID='DIGITALATTITUDE']/Product[@ID='SQL2005']/Feature[@ID='Tools\ToolsDocument\Samples' and @RegistryPath='SOFTWARE\Microsoft\Microsoft SQL Server\90\Tools\Setup' and @RootPath='SOFTWARE\Microsoft\Microsoft SQL Server\90']" InstalledState="" ID="Tools\ToolsDocument\Samples" RegistryPath="SOFTWARE\Microsoft\Microsoft SQL Server\90\Tools\Setup" RegistryPathSetupRoot="SOFTWARE\Microsoft\Microsoft SQL Server\90\Tools\Setup" RootPath="SOFTWARE\Microsoft\Microsoft SQL Server\90" Parent="ToolsDocument" InstanceId="" Edition="" EditionType="" EditionValue="Invalid" ProductCode="" ProductAlias="" SQLPath="" SQLDataRoot="" Version="" MinorVersion="" FeatureList="" ClusterName="" Language="" CpuType="x86" PatchLevel="" FeatureHiveRoot="SOFTWARE\Microsoft\Microsoft SQL Server\90\Tools\ClientSetup" Unconfigured="0" /><Feature Urn="Machine[@ID='DIGITALATTITUDE']/Product[@ID='SQL2005']/Feature[@ID='NS' and @RegistryPath='SOFTWARE\Microsoft\Microsoft SQL Server\90\NS\Setup' and @RootPath='SOFTWARE\Microsoft\Microsoft SQL Server\90']" InstalledState="" ID="NS" RegistryPath="SOFTWARE\Microsoft\Microsoft SQL Server\90\NS\Setup" RegistryPathSetupRoot="SOFTWARE\Microsoft\Microsoft SQL Server\90\NS\Setup" RootPath="SOFTWARE\Microsoft\Microsoft SQL Server\90" Parent="" InstanceId="" Edition="" EditionType="" EditionValue="Invalid" ProductCode="" ProductAlias="NS" SQLPath="" SQLDataRoot="" Version="" MinorVersion="" FeatureList="" ClusterName="" Language="" CpuType="x86" PatchLevel="" FeatureHiveRoot="SOFTWARE\Microsoft\Microsoft SQL Server\90\NS\ClientSetup" Unconfigured="0" /><Instance Urn="Machine[@ID='DIGITALATTITUDE']/Product[@ID='SQL2005']/Instance[@ID='SQLEXPRESS']" ID="SQLEXPRESS" Name="SQLEXPRESS" ParentID="SQL2005" ProductVersion="9.4.5000.00" ProductVersionMajor="9" RealName="SQLEXPRESS" UpgradeState="Current"><Feature Urn="Machine[@ID='DIGITALATTITUDE']/Product[@ID='SQL2005']/Instance[@ID='SQLEXPRESS']/Feature[@ID='SQLEngine' and @RegistryPath='SOFTWARE\Microsoft\Microsoft SQL Server\MSSQL.1\Setup' and @RootPath='SOFTWARE\Microsoft\Microsoft SQL Server\MSSQL.1']" InstalledState="3" ID="SQLEngine" RegistryPath="SOFTWARE\Microsoft\Microsoft SQL Server\MSSQL.1\Setup" RegistryPathSetupRoot="SOFTWARE\Microsoft\Microsoft SQL Server\MSSQL.1\Setup" RootPath="SOFTWARE\Microsoft\Microsoft SQL Server\MSSQL.1" Parent="" InstanceId="MSSQL.1" Edition="Express Edition" EditionType="Express Edition" EditionValue="EXPRESS" ProductCode="{2AFFFDD7-ED85-4A90-8C52-5DA9EBDC9B8F}" ProductAlias="SQL" SQLPath="c:\Program Files\Microsoft SQL Server\MSSQL.1\MSSQL" SQLDataRoot="c:\Program Files\Microsoft SQL Server\MSSQL.1\MSSQL" Version="9.4.5000.00" MinorVersion="4" FeatureList="SQL_Engine=3 SQL_Data_Files=3 SQL_SharedTools=3" ClusterName="" Language="1033" CpuType="x86" PatchLevel="9.4.5000" FeatureHiveRoot="SOFTWARE\Microsoft\Microsoft SQL Server\MSSQL.1\MSSQLServer" Unconfigured="0"><Install Urn="Machine[@ID='DIGITALATTITUDE']/Product[@ID='SQL2005']/Instance[@ID='SQLEXPRESS']/Feature[@ID='SQLEngine' and @RegistryPath='SOFTWARE\Microsoft\Microsoft SQL Server\MSSQL.1\Setup' and @RootPath='SOFTWARE\Microsoft\Microsoft SQL Server\MSSQL.1']/Install[@ProductCode='2AFFFDD7-ED85-4A90-8C52-5DA9EBDC9B8F']" ProductCode="2AFFFDD7-ED85-4A90-8C52-5DA9EBDC9B8F" MsiId="{2AFFFDD7-ED85-4A90-8C52-5DA9EBDC9B8F}" Edition="Express Edition" EditionType="Express Edition" PackageArch="x86" LocalPackage="c:\Windows\Installer\19a3ecf0.msi" PackageName="sqlrun_sql.msi" Transforms=":SqlRun01.mst;:InstID01.mst;:InstName01.mst" Language="1033" ProductName="Microsoft SQL Server 2005 Express Edition (SQLEXPRESS)" PackageCode="{49616E1E-6C6B-4938-B811-352C355EFDCE}" Version="151262088" VersionString="9.4.5000.00" InstallLocation="c:\Program Files\Microsoft SQL Server\" InstallSource="c:\aac0b567b1fd6bfaca96df\Setup\" InstallDate="20120419" VersionMinor="4" VersionMajor="9"><MsiFeature Urn="Machine[@ID='DIGITALATTITUDE']/Product[@ID='SQL2005']/Instance[@ID='SQLEXPRESS']/Feature[@ID='SQLEngine' and @RegistryPath='SOFTWARE\Microsoft\Microsoft SQL Server\MSSQL.1\Setup' and @RootPath='SOFTWARE\Microsoft\Microsoft SQL Server\MSSQL.1']/Install[@ProductCode='2AFFFDD7-ED85-4A90-8C52-5DA9EBDC9B8F']/MsiFeature[@FeatureId='SQL_Engine']" Id="SQL_Engine" FeatureState="3" IsConfigured="" ClusterState="" UpgradeIncompleteState="" /><MsiFeature Urn="Machine[@ID='DIGITALATTITUDE']/Product[@ID='SQL2005']/Instance[@ID='SQLEXPRESS']/Feature[@ID='SQLEngine' and @RegistryPath='SOFTWARE\Microsoft\Microsoft SQL Server\MSSQL.1\Setup' and @RootPath='SOFTWARE\Microsoft\Microsoft SQL Server\MSSQL.1']/Install[@ProductCode='2AFFFDD7-ED85-4A90-8C52-5DA9EBDC9B8F']/MsiFeature[@FeatureId='SQL_Data_Files']" Id="SQL_Data_Files" FeatureState="3" IsConfigured="" ClusterState="" UpgradeIncompleteState="" /><MsiFeature Urn="Machine[@ID='DIGITALATTITUDE']/Product[@ID='SQL2005']/Instance[@ID='SQLEXPRESS']/Feature[@ID='SQLEngine' and @RegistryPath='SOFTWARE\Microsoft\Microsoft SQL Server\MSSQL.1\Setup' and @RootPath='SOFTWARE\Microsoft\Microsoft SQL Server\MSSQL.1']/Install[@ProductCode='2AFFFDD7-ED85-4A90-8C52-5DA9EBDC9B8F']/MsiFeature[@FeatureId='SQL_SharedTools']" Id="SQL_SharedTools" FeatureState="3" IsConfigured="" ClusterState="" UpgradeIncompleteState="" /><MsiFeature Urn="Machine[@ID='DIGITALATTITUDE']/Product[@ID='SQL2005']/Instance[@ID='SQLEXPRESS']/Feature[@ID='SQLEngine' and @RegistryPath='SOFTWARE\Microsoft\Microsoft SQL Server\MSSQL.1\Setup' and @RootPath='SOFTWARE\Microsoft\Microsoft SQL Server\MSSQL.1']/Install[@ProductCode='2AFFFDD7-ED85-4A90-8C52-5DA9EBDC9B8F']/MsiFeature[@FeatureId='SQL_Replication']" Id="SQL_Replication" FeatureState="2" IsConfigured="" ClusterState="" UpgradeIncompleteState="" /></Install></Feature><Feature Urn="Machine[@ID='DIGITALATTITUDE']/Product[@ID='SQL2005']/Instance[@ID='SQLEXPRESS']/Feature[@ID='SQLEngine\DataFiles' and @RegistryPath='SOFTWARE\Microsoft\Microsoft SQL Server\MSSQL.1\Setup' and @RootPath='SOFTWARE\Microsoft\Microsoft SQL Server\MSSQL.1']" InstalledState="" ID="SQLEngine\DataFiles" RegistryPath="SOFTWARE\Microsoft\Microsoft SQL Server\MSSQL.1\Setup" RegistryPathSetupRoot="SOFTWARE\Microsoft\Microsoft SQL Server\MSSQL.1\Setup" RootPath="SOFTWARE\Microsoft\Microsoft SQL Server\MSSQL.1" Parent="SQLEngine" InstanceId="MSSQL.1" Edition="Express Edition" EditionType="Express Edition" EditionValue="EXPRESS" ProductCode="{2AFFFDD7-ED85-4A90-8C52-5DA9EBDC9B8F}" ProductAlias="SQL" SQLPath="c:\Program Files\Microsoft SQL Server\MSSQL.1\MSSQL" SQLDataRoot="c:\Program Files\Microsoft SQL Server\MSSQL.1\MSSQL" Version="9.4.5000.00" MinorVersion="4" FeatureList="SQL_Engine=3 SQL_Data_Files=3 SQL_SharedTools=3" ClusterName="" Language="1033" CpuType="x86" PatchLevel="9.4.5000" FeatureHiveRoot="SOFTWARE\Microsoft\Microsoft SQL Server\MSSQL.1\MSSQLServer" Unconfigured="0"><Install Urn="Machine[@ID='DIGITALATTITUDE']/Product[@ID='SQL2005']/Instance[@ID='SQLEXPRESS']/Feature[@ID='SQLEngine\DataFiles' and @RegistryPath='SOFTWARE\Microsoft\Microsoft SQL Server\MSSQL.1\Setup' and @RootPath='SOFTWARE\Microsoft\Microsoft SQL Server\MSSQL.1']/Install[@ProductCode='2AFFFDD7-ED85-4A90-8C52-5DA9EBDC9B8F']" ProductCode="2AFFFDD7-ED85-4A90-8C52-5DA9EBDC9B8F" MsiId="{2AFFFDD7-ED85-4A90-8C52-5DA9EBDC9B8F}" Edition="Express Edition" EditionType="Express Edition" PackageArch="x86" LocalPackage="c:\Windows\Installer\19a3ecf0.msi" PackageName="sqlrun_sql.msi" Transforms=":SqlRun01.mst;:InstID01.mst;:InstName01.mst" Language="1033" ProductName="Microsoft SQL Server 2005 Express Edition (SQLEXPRESS)" PackageCode="{49616E1E-6C6B-4938-B811-352C355EFDCE}" Version="151262088" VersionString="9.4.5000.00" InstallLocation="c:\Program Files\Microsoft SQL Server\" InstallSource="c:\aac0b567b1fd6bfaca96df\Setup\" InstallDate="20120419" VersionMinor="4" VersionMajor="9"><MsiFeature Urn="Machine[@ID='DIGITALATTITUDE']/Product[@ID='SQL2005']/Instance[@ID='SQLEXPRESS']/Feature[@ID='SQLEngine\DataFiles' and @RegistryPath='SOFTWARE\Microsoft\Microsoft SQL Server\MSSQL.1\Setup' and @RootPath='SOFTWARE\Microsoft\Microsoft SQL Server\MSSQL.1']/Install[@ProductCode='2AFFFDD7-ED85-4A90-8C52-5DA9EBDC9B8F']/MsiFeature[@FeatureId='SQL_Engine']" Id="SQL_Engine" FeatureState="3" IsConfigured="" ClusterState="" UpgradeIncompleteState="" /><MsiFeature Urn="Machine[@ID='DIGITALATTITUDE']/Product[@ID='SQL2005']/Instance[@ID='SQLEXPRESS']/Feature[@ID='SQLEngine\DataFiles' and @RegistryPath='SOFTWARE\Microsoft\Microsoft SQL Server\MSSQL.1\Setup' and @RootPath='SOFTWARE\Microsoft\Microsoft SQL Server\MSSQL.1']/Install[@ProductCode='2AFFFDD7-ED85-4A90-8C52-5DA9EBDC9B8F']/MsiFeature[@FeatureId='SQL_Data_Files']" Id="SQL_Data_Files" FeatureState="3" IsConfigured="" ClusterState="" UpgradeIncompleteState="" /><MsiFeature Urn="Machine[@ID='DIGITALATTITUDE']/Product[@ID='SQL2005']/Instance[@ID='SQLEXPRESS']/Feature[@ID='SQLEngine\DataFiles' and @RegistryPath='SOFTWARE\Microsoft\Microsoft SQL Server\MSSQL.1\Setup' and @RootPath='SOFTWARE\Microsoft\Microsoft SQL Server\MSSQL.1']/Install[@ProductCode='2AFFFDD7-ED85-4A90-8C52-5DA9EBDC9B8F']/MsiFeature[@FeatureId='SQL_SharedTools']" Id="SQL_SharedTools" FeatureState="3" IsConfigured="" ClusterState="" UpgradeIncompleteState="" /><MsiFeature Urn="Machine[@ID='DIGITALATTITUDE']/Product[@ID='SQL2005']/Instance[@ID='SQLEXPRESS']/Feature[@ID='SQLEngine\DataFiles' and @RegistryPath='SOFTWARE\Microsoft\Microsoft SQL Server\MSSQL.1\Setup' and @RootPath='SOFTWARE\Microsoft\Microsoft SQL Server\MSSQL.1']/Install[@ProductCode='2AFFFDD7-ED85-4A90-8C52-5DA9EBDC9B8F']/MsiFeature[@FeatureId='SQL_Replication']" Id="SQL_Replication" FeatureState="2" IsConfigured="" ClusterState="" UpgradeIncompleteState="" /></Install></Feature><Feature Urn="Machine[@ID='DIGITALATTITUDE']/Product[@ID='SQL2005']/Instance[@ID='SQLEXPRESS']/Feature[@ID='SQLEngine\Replication' and @RegistryPath='SOFTWARE\Microsoft\Microsoft SQL Server\MSSQL.1\Setup' and @RootPath='SOFTWARE\Microsoft\Microsoft SQL Server\MSSQL.1']" InstalledState="2" ID="SQLEngine\Replication" RegistryPath="SOFTWARE\Microsoft\Microsoft SQL Server\MSSQL.1\Setup" RegistryPathSetupRoot="SOFTWARE\Microsoft\Microsoft SQL Server\MSSQL.1\Setup" RootPath="SOFTWARE\Microsoft\Microsoft SQL Server\MSSQL.1" Parent="SQLEngine" InstanceId="MSSQL.1" Edition="Express Edition" EditionType="Express Edition" EditionValue="EXPRESS" ProductCode="{2AFFFDD7-ED85-4A90-8C52-5DA9EBDC9B8F}" ProductAlias="SQL" SQLPath="c:\Program Files\Microsoft SQL Server\MSSQL.1\MSSQL" SQLDataRoot="c:\Program Files\Microsoft SQL Server\MSSQL.1\MSSQL" Version="9.4.5000.00" MinorVersion="4" FeatureList="SQL_Engine=3 SQL_Data_Files=3 SQL_SharedTools=3" ClusterName="" Language="1033" CpuType="x86" PatchLevel="9.4.5000" FeatureHiveRoot="SOFTWARE\Microsoft\Microsoft SQL Server\MSSQL.1\MSSQLServer" Unconfigured="0"><Install Urn="Machine[@ID='DIGITALATTITUDE']/Product[@ID='SQL2005']/Instance[@ID='SQLEXPRESS']/Feature[@ID='SQLEngine\Replication' and @RegistryPath='SOFTWARE\Microsoft\Microsoft SQL Server\MSSQL.1\Setup' and @RootPath='SOFTWARE\Microsoft\Microsoft SQL Server\MSSQL.1']/Install[@ProductCode='2AFFFDD7-ED85-4A90-8C52-5DA9EBDC9B8F']" ProductCode="2AFFFDD7-ED85-4A90-8C52-5DA9EBDC9B8F" MsiId="{2AFFFDD7-ED85-4A90-8C52-5DA9EBDC9B8F}" Edition="Express Edition" EditionType="Express Edition" PackageArch="x86" LocalPackage="c:\Windows\Installer\19a3ecf0.msi" PackageName="sqlrun_sql.msi" Transforms=":SqlRun01.mst;:InstID01.mst;:InstName01.mst" Language="1033" ProductName="Microsoft SQL Server 2005 Express Edition (SQLEXPRESS)" PackageCode="{49616E1E-6C6B-4938-B811-352C355EFDCE}" Version="151262088" VersionString="9.4.5000.00" InstallLocation="c:\Program Files\Microsoft SQL Server\" InstallSource="c:\aac0b567b1fd6bfaca96df\Setup\" InstallDate="20120419" VersionMinor="4" VersionMajor="9"><MsiFeature Urn="Machine[@ID='DIGITALATTITUDE']/Product[@ID='SQL2005']/Instance[@ID='SQLEXPRESS']/Feature[@ID='SQLEngine\Replication' and @RegistryPath='SOFTWARE\Microsoft\Microsoft SQL Server\MSSQL.1\Setup' and @RootPath='SOFTWARE\Microsoft\Microsoft SQL Server\MSSQL.1']/Install[@ProductCode='2AFFFDD7-ED85-4A90-8C52-5DA9EBDC9B8F']/MsiFeature[@FeatureId='SQL_Engine']" Id="SQL_Engine" FeatureState="3" IsConfigured="" ClusterState="" UpgradeIncompleteState="" /><MsiFeature Urn="Machine[@ID='DIGITALATTITUDE']/Product[@ID='SQL2005']/Instance[@ID='SQLEXPRESS']/Feature[@ID='SQLEngine\Replication' and @RegistryPath='SOFTWARE\Microsoft\Microsoft SQL Server\MSSQL.1\Setup' and @RootPath='SOFTWARE\Microsoft\Microsoft SQL Server\MSSQL.1']/Install[@ProductCode='2AFFFDD7-ED85-4A90-8C52-5DA9EBDC9B8F']/MsiFeature[@FeatureId='SQL_Data_Files']" Id="SQL_Data_Files" FeatureState="3" IsConfigured="" ClusterState="" UpgradeIncompleteState="" /><MsiFeature Urn="Machine[@ID='DIGITALATTITUDE']/Product[@ID='SQL2005']/Instance[@ID='SQLEXPRESS']/Feature[@ID='SQLEngine\Replication' and @RegistryPath='SOFTWARE\Microsoft\Microsoft SQL Server\MSSQL.1\Setup' and @RootPath='SOFTWARE\Microsoft\Microsoft SQL Server\MSSQL.1']/Install[@ProductCode='2AFFFDD7-ED85-4A90-8C52-5DA9EBDC9B8F']/MsiFeature[@FeatureId='SQL_SharedTools']" Id="SQL_SharedTools" FeatureState="3" IsConfigured="" ClusterState="" UpgradeIncompleteState="" /><MsiFeature Urn="Machine[@ID='DIGITALATTITUDE']/Product[@ID='SQL2005']/Instance[@ID='SQLEXPRESS']/Feature[@ID='SQLEngine\Replication' and @RegistryPath='SOFTWARE\Microsoft\Microsoft SQL Server\MSSQL.1\Setup' and @RootPath='SOFTWARE\Microsoft\Microsoft SQL Server\MSSQL.1']/Install[@ProductCode='2AFFFDD7-ED85-4A90-8C52-5DA9EBDC9B8F']/MsiFeature[@FeatureId='SQL_Replication']" Id="SQL_Replication" FeatureState="2" IsConfigured="" ClusterState="" UpgradeIncompleteState="" /></Install></Feature><Feature Urn="Machine[@ID='DIGITALATTITUDE']/Product[@ID='SQL2005']/Instance[@ID='SQLEXPRESS']/Feature[@ID='SQLEngine\FullText' and @RegistryPath='SOFTWARE\Microsoft\Microsoft SQL Server\MSSQL.1\Setup' and @RootPath='SOFTWARE\Microsoft\Microsoft SQL Server\MSSQL.1']" InstalledState="" ID="SQLEngine\FullText" RegistryPath="SOFTWARE\Microsoft\Microsoft SQL Server\MSSQL.1\Setup" RegistryPathSetupRoot="SOFTWARE\Microsoft\Microsoft SQL Server\MSSQL.1\Setup" RootPath="SOFTWARE\Microsoft\Microsoft SQL Server\MSSQL.1" Parent="SQLEngine" InstanceId="MSSQL.1" Edition="Express Edition" EditionType="Express Edition" EditionValue="EXPRESS" ProductCode="{2AFFFDD7-ED85-4A90-8C52-5DA9EBDC9B8F}" ProductAlias="SQL" SQLPath="c:\Program Files\Microsoft SQL Server\MSSQL.1\MSSQL" SQLDataRoot="c:\Program Files\Microsoft SQL Server\MSSQL.1\MSSQL" Version="9.4.5000.00" MinorVersion="4" FeatureList="SQL_Engine=3 SQL_Data_Files=3 SQL_SharedTools=3" ClusterName="" Language="1033" CpuType="x86" PatchLevel="9.4.5000" FeatureHiveRoot="SOFTWARE\Microsoft\Microsoft SQL Server\MSSQL.1\MSSQLServer" Unconfigured="0"><Install Urn="Machine[@ID='DIGITALATTITUDE']/Product[@ID='SQL2005']/Instance[@ID='SQLEXPRESS']/Feature[@ID='SQLEngine\FullText' and @RegistryPath='SOFTWARE\Microsoft\Microsoft SQL Server\MSSQL.1\Setup' and @RootPath='SOFTWARE\Microsoft\Microsoft SQL Server\MSSQL.1']/Install[@ProductCode='2AFFFDD7-ED85-4A90-8C52-5DA9EBDC9B8F']" ProductCode="2AFFFDD7-ED85-4A90-8C52-5DA9EBDC9B8F" MsiId="{2AFFFDD7-ED85-4A90-8C52-5DA9EBDC9B8F}" Edition="Express Edition" EditionType="Express Edition" PackageArch="x86" LocalPackage="c:\Windows\Installer\19a3ecf0.msi" PackageName="sqlrun_sql.msi" Transforms=":SqlRun01.mst;:InstID01.mst;:InstName01.mst" Language="1033" ProductName="Microsoft SQL Server 2005 Express Edition (SQLEXPRESS)" PackageCode="{49616E1E-6C6B-4938-B811-352C355EFDCE}" Version="151262088" VersionString="9.4.5000.00" InstallLocation="c:\Program Files\Microsoft SQL Server\" InstallSource="c:\aac0b567b1fd6bfaca96df\Setup\" InstallDate="20120419" VersionMinor="4" VersionMajor="9"><MsiFeature Urn="Machine[@ID='DIGITALATTITUDE']/Product[@ID='SQL2005']/Instance[@ID='SQLEXPRESS']/Feature[@ID='SQLEngine\FullText' and @RegistryPath='SOFTWARE\Microsoft\Microsoft SQL Server\MSSQL.1\Setup' and @RootPath='SOFTWARE\Microsoft\Microsoft SQL Server\MSSQL.1']/Install[@ProductCode='2AFFFDD7-ED85-4A90-8C52-5DA9EBDC9B8F']/MsiFeature[@FeatureId='SQL_Engine']" Id="SQL_Engine" FeatureState="3" IsConfigured="" ClusterState="" UpgradeIncompleteState="" /><MsiFeature Urn="Machine[@ID='DIGITALATTITUDE']/Product[@ID='SQL2005']/Instance[@ID='SQLEXPRESS']/Feature[@ID='SQLEngine\FullText' and @RegistryPath='SOFTWARE\Microsoft\Microsoft SQL Server\MSSQL.1\Setup' and @RootPath='SOFTWARE\Microsoft\Microsoft SQL Server\MSSQL.1']/Install[@ProductCode='2AFFFDD7-ED85-4A90-8C52-5DA9EBDC9B8F']/MsiFeature[@FeatureId='SQL_Data_Files']" Id="SQL_Data_Files" FeatureState="3" IsConfigured="" ClusterState="" UpgradeIncompleteState="" /><MsiFeature Urn="Machine[@ID='DIGITALATTITUDE']/Product[@ID='SQL2005']/Instance[@ID='SQLEXPRESS']/Feature[@ID='SQLEngine\FullText' and @RegistryPath='SOFTWARE\Microsoft\Microsoft SQL Server\MSSQL.1\Setup' and @RootPath='SOFTWARE\Microsoft\Microsoft SQL Server\MSSQL.1']/Install[@ProductCode='2AFFFDD7-ED85-4A90-8C52-5DA9EBDC9B8F']/MsiFeature[@FeatureId='SQL_SharedTools']" Id="SQL_SharedTools" FeatureState="3" IsConfigured="" ClusterState="" UpgradeIncompleteState="" /><MsiFeature Urn="Machine[@ID='DIGITALATTITUDE']/Product[@ID='SQL2005']/Instance[@ID='SQLEXPRESS']/Feature[@ID='SQLEngine\FullText' and @RegistryPath='SOFTWARE\Microsoft\Microsoft SQL Server\MSSQL.1\Setup' and @RootPath='SOFTWARE\Microsoft\Microsoft SQL Server\MSSQL.1']/Install[@ProductCode='2AFFFDD7-ED85-4A90-8C52-5DA9EBDC9B8F']/MsiFeature[@FeatureId='SQL_Replication']" Id="SQL_Replication" FeatureState="2" IsConfigured="" ClusterState="" UpgradeIncompleteState="" /></Install></Feature><Feature Urn="Machine[@ID='DIGITALATTITUDE']/Product[@ID='SQL2005']/Instance[@ID='SQLEXPRESS']/Feature[@ID='SQLEngine\SharedTools' and @RegistryPath='SOFTWARE\Microsoft\Microsoft SQL Server\MSSQL.1\Setup' and @RootPath='SOFTWARE\Microsoft\Microsoft SQL Server\MSSQL.1']" InstalledState="3" ID="SQLEngine\SharedTools" RegistryPath="SOFTWARE\Microsoft\Microsoft SQL Server\MSSQL.1\Setup" RegistryPathSetupRoot="SOFTWARE\Microsoft\Microsoft SQL Server\MSSQL.1\Setup" RootPath="SOFTWARE\Microsoft\Microsoft SQL Server\MSSQL.1" Parent="SQLEngine" InstanceId="MSSQL.1" Edition="Express Edition" EditionType="Express Edition" EditionValue="EXPRESS" ProductCode="{2AFFFDD7-ED85-4A90-8C52-5DA9EBDC9B8F}" ProductAlias="SQL" SQLPath="c:\Program Files\Microsoft SQL Server\MSSQL.1\MSSQL" SQLDataRoot="c:\Program Files\Microsoft SQL Server\MSSQL.1\MSSQL" Version="9.4.5000.00" MinorVersion="4" FeatureList="SQL_Engine=3 SQL_Data_Files=3 SQL_SharedTools=3" ClusterName="" Language="1033" CpuType="x86" PatchLevel="9.4.5000" FeatureHiveRoot="SOFTWARE\Microsoft\Microsoft SQL Server\MSSQL.1\MSSQLServer" Unconfigured="0"><Install Urn="Machine[@ID='DIGITALATTITUDE']/Product[@ID='SQL2005']/Instance[@ID='SQLEXPRESS']/Feature[@ID='SQLEngine\SharedTools' and @RegistryPath='SOFTWARE\Microsoft\Microsoft SQL Server\MSSQL.1\Setup' and @RootPath='SOFTWARE\Microsoft\Microsoft SQL Server\MSSQL.1']/Install[@ProductCode='2AFFFDD7-ED85-4A90-8C52-5DA9EBDC9B8F']" ProductCode="2AFFFDD7-ED85-4A90-8C52-5DA9EBDC9B8F" MsiId="{2AFFFDD7-ED85-4A90-8C52-5DA9EBDC9B8F}" Edition="Express Edition" EditionType="Express Edition" PackageArch="x86" LocalPackage="c:\Windows\Installer\19a3ecf0.msi" PackageName="sqlrun_sql.msi" Transforms=":SqlRun01.mst;:InstID01.mst;:InstName01.mst" Language="1033" ProductName="Microsoft SQL Server 2005 Express Edition (SQLEXPRESS)" PackageCode="{49616E1E-6C6B-4938-B811-352C355EFDCE}" Version="151262088" VersionString="9.4.5000.00" InstallLocation="c:\Program Files\Microsoft SQL Server\" InstallSource="c:\aac0b567b1fd6bfaca96df\Setup\" InstallDate="20120419" VersionMinor="4" VersionMajor="9"><MsiFeature Urn="Machine[@ID='DIGITALATTITUDE']/Product[@ID='SQL2005']/Instance[@ID='SQLEXPRESS']/Feature[@ID='SQLEngine\SharedTools' and @RegistryPath='SOFTWARE\Microsoft\Microsoft SQL Server\MSSQL.1\Setup' and @RootPath='SOFTWARE\Microsoft\Microsoft SQL Server\MSSQL.1']/Install[@ProductCode='2AFFFDD7-ED85-4A90-8C52-5DA9EBDC9B8F']/MsiFeature[@FeatureId='SQL_Engine']" Id="SQL_Engine" FeatureState="3" IsConfigured="" ClusterState="" UpgradeIncompleteState="" /><MsiFeature Urn="Machine[@ID='DIGITALATTITUDE']/Product[@ID='SQL2005']/Instance[@ID='SQLEXPRESS']/Feature[@ID='SQLEngine\SharedTools' and @RegistryPath='SOFTWARE\Microsoft\Microsoft SQL Server\MSSQL.1\Setup' and @RootPath='SOFTWARE\Microsoft\Microsoft SQL Server\MSSQL.1']/Install[@ProductCode='2AFFFDD7-ED85-4A90-8C52-5DA9EBDC9B8F']/MsiFeature[@FeatureId='SQL_Data_Files']" Id="SQL_Data_Files" FeatureState="3" IsConfigured="" ClusterState="" UpgradeIncompleteState="" /><MsiFeature Urn="Machine[@ID='DIGITALATTITUDE']/Product[@ID='SQL2005']/Instance[@ID='SQLEXPRESS']/Feature[@ID='SQLEngine\SharedTools' and @RegistryPath='SOFTWARE\Microsoft\Microsoft SQL Server\MSSQL.1\Setup' and @RootPath='SOFTWARE\Microsoft\Microsoft SQL Server\MSSQL.1']/Install[@ProductCode='2AFFFDD7-ED85-4A90-8C52-5DA9EBDC9B8F']/MsiFeature[@FeatureId='SQL_SharedTools']" Id="SQL_SharedTools" FeatureState="3" IsConfigured="" ClusterState="" UpgradeIncompleteState="" /><MsiFeature Urn="Machine[@ID='DIGITALATTITUDE']/Product[@ID='SQL2005']/Instance[@ID='SQLEXPRESS']/Feature[@ID='SQLEngine\SharedTools' and @RegistryPath='SOFTWARE\Microsoft\Microsoft SQL Server\MSSQL.1\Setup' and @RootPath='SOFTWARE\Microsoft\Microsoft SQL Server\MSSQL.1']/Install[@ProductCode='2AFFFDD7-ED85-4A90-8C52-5DA9EBDC9B8F']/MsiFeature[@FeatureId='SQL_Replication']" Id="SQL_Replication" FeatureState="2" IsConfigured="" ClusterState="" UpgradeIncompleteState="" /></Install></Feature></Instance></Product><Product ID="SQL2000" Name="Microsoft SQL Server 2000" Version="8" /><RedistributableProduct Urn="Machine[@ID='DIGITALATTITUDE']/RedistributableProduct[@ID='SqlWriter_x86']" ID="SqlWriter_x86" Name="Microsoft SQL Server VSS Writer(x86)" UpgradeCode="65D8E1DF-6201-4B53-A0F9-E654F8E80F97" Version="9"><Install Urn="Machine[@ID='DIGITALATTITUDE']/RedistributableProduct[@ID='SqlWriter_x86']/Install[@ProductCode='E7084B89-69E0-46B3-A118-8F99D06988CD']" ProductCode="E7084B89-69E0-46B3-A118-8F99D06988CD" MsiId="{E7084B89-69E0-46B3-A118-8F99D06988CD}" Edition="" EditionType="" PackageArch="x86" LocalPackage="c:\Windows\Installer\19a3ec80.msi" PackageName="sqlwriter.msi" Transforms="" Language="1033" ProductName="Microsoft SQL Server VSS Writer" PackageCode="{08E7ED29-E72D-4354-B2EF-5505B29FBDB5}" Version="150999944" VersionString="9.00.5000.00" InstallLocation="c:\Program Files\Microsoft SQL Server\" InstallSource="c:\aac0b567b1fd6bfaca96df\Setup\" InstallDate="20120419" VersionMinor="0" VersionMajor="9"><MsiFeature Urn="Machine[@ID='DIGITALATTITUDE']/RedistributableProduct[@ID='SqlWriter_x86']/Install[@ProductCode='E7084B89-69E0-46B3-A118-8F99D06988CD']/MsiFeature[@FeatureId='SQL_WRITER']" Id="SQL_WRITER" FeatureState="3" IsConfigured="" ClusterState="" UpgradeIncompleteState="" /></Install></RedistributableProduct></Machine><Machine Urn="Machine[@ID='DIGITALATTITUDE']" ID="DIGITALATTITUDE" Name="DIGITALATTITUDE" OsVersion="6.1.7601.65536" OsServicePack="Service Pack 1" Architecture="Win32NT" IsCluster="False" IsPendingReboot="False" /></SqlDiscoveryData>