<SlpInputSettings xmlns:xsi="http://www.w3.org/2001/XMLSchema-instance" xmlns:xsd="http://www.w3.org/2001/XMLSchema" xmlns="http://www.microsoft.com/sql/configuration/SlpInputSettings/Public/2007/04"><AllInstances>false</AllInstances><InstanceNameList /><CopyUpgradeScripts>false</CopyUpgradeScripts><ErrorReporting>false</ErrorReporting><InstallSharedDir>c:\Program Files\Microsoft SQL Server\</InstallSharedDir><InstallSharedWowDir>C:\Program Files\Microsoft SQL Server\</InstallSharedWowDir><InstallSqlSharedDir32>c:\Program Files\Microsoft SQL Server\</InstallSqlSharedDir32><InstanceDir>C:\Program Files\Microsoft SQL Server\</InstanceDir><SqmReporting>false</SqmReporting><InstanceDirSpace /><InstallSharedDirSpace /><InstallSharedWowDirSpace /><SystemDirSpace /></SlpInputSettings>