<SqlBrowserPrivateConfig xmlns:xsi="http://www.w3.org/2001/XMLSchema-instance" xmlns:xsd="http://www.w3.org/2001/XMLSchema" xmlns="http://www.microsoft.com/sql/configuration/SqlBrowser/Private/2007/04"><ApplyAccount>false</ApplyAccount><AddAclForAccount>false</AddAclForAccount><RetrievedUserNameFromExistingService>true</RetrievedUserNameFromExistingService><StartupBounceComplete>false</StartupBounceComplete><ForceStart>false</ForceStart><IsBrowserLeftover>false</IsBrowserLeftover></SqlBrowserPrivateConfig>