<ClusterGroupPrivateConfigObject xmlns:xsi="http://www.w3.org/2001/XMLSchema-instance" xmlns:xsd="http://www.w3.org/2001/XMLSchema" xmlns="http://www.microsoft.com/sql/configuration/ClusterGroup/Private/2007/08"><HasRunConfigNonRC>false</HasRunConfigNonRC><HasRunConfigRC>false</HasRunConfigRC><HasRunShutdownNonInstance>false</HasRunShutdownNonInstance><HasRunStartup>false</HasRunStartup><HasRunFinalize>false</HasRunFinalize><HasRunUnConfigRC>false</HasRunUnConfigRC><IsFeatureClustered>false</IsFeatureClustered></ClusterGroupPrivateConfigObject>