<SQLRSConfigurationPublic xmlns:xsi="http://www.w3.org/2001/XMLSchema-instance" xmlns:xsd="http://www.w3.org/2001/XMLSchema" xmlns="http://www.microsoft.com/sql/configuration/RS/Public/2007/05"><UserName>NT AUTHORITY\NETWORK SERVICE</UserName><StartMode>Automatic</StartMode><InstallMode>FilesOnlyMode</InstallMode><AreDefaultInstallModesEnabled>false</AreDefaultInstallModesEnabled><UIInstallMode>FilesOnlyMode</UIInstallMode><UpgradeDBAccount /><RSGroup /><RSCatalogServerInstanceName>Unknown</RSCatalogServerInstanceName></SQLRSConfigurationPublic>