<SqlEngineSetupPrivate xmlns:xsi="http://www.w3.org/2001/XMLSchema-instance" xmlns:xsd="http://www.w3.org/2001/XMLSchema" xmlns="http://www.microsoft.com/sql/configuration/SqlEngine/Private/2007/04"><RegistrySettings><RegistrySetting Id="ErrorDumpDir" Path="[ReferenceInstanceRegPathById]\CPE\ErrorDumpDir" ReadFlags="All" ReadFromPrevious="false" RCResource="false" ShouldWrite="true" RegistryValueKind="String" MustHave="None" HiddenValue="false"><Values><Value>[ErrorLogDirectory]</Value></Values></RegistrySetting><RegistrySetting Id="AssertLevel" Path="[ReferenceInstanceRegPathById]\MSSQLServer\AssertLevel" ReadFlags="All" ReadFromPrevious="false" RCResource="false" ShouldWrite="false" RegistryValueKind="DWord" MustHave="None" HiddenValue="false"><Values><Value>1</Value></Values></RegistrySetting><RegistrySetting Id="AuditLevel" Path="[ReferenceInstanceRegPathById]\MSSQLServer\AuditLevel" ReadFlags="All" ReadFromPrevious="false" RCResource="false" ShouldWrite="true" RegistryValueKind="DWord" MustHave="None" HiddenValue="false"><Values><Value>2</Value></Values></RegistrySetting><RegistrySetting Id="BackupDirectory" Path="[ReferenceInstanceRegPathById]\MSSQLServer\BackupDirectory" ReadFlags="All" ReadFromPrevious="false" RCResource="false" ShouldWrite="true" RegistryValueKind="String" MustHave="None" HiddenValue="false"><Values><Value>[BackupDirectory]</Value></Values></RegistrySetting><RegistrySetting Id="BackupEnhancedIntegrity" Path="[ReferenceInstanceRegPathById]\MSSQLServer\BackupEnhancedIntegrity" ReadFlags="All" ReadFromPrevious="false" RCResource="false" ShouldWrite="false" RegistryValueKind="String" MustHave="None" HiddenValue="false" /><RegistrySetting Id="Language" Path="[ReferenceInstanceRegPathById]\MSSQLServer\CurrentVersion\Language" ReadFlags="All" ReadFromPrevious="false" RCResource="false" ShouldWrite="true" RegistryValueKind="DWord" MustHave="None" HiddenValue="false"><Values><Value>[LCID]</Value></Values></RegistrySetting><RegistrySetting Id="DefaultData" Path="[ReferenceInstanceRegPathById]\MSSQLServer\DefaultData" ReadFlags="All" ReadFromPrevious="false" RCResource="false" ShouldWrite="false" RegistryValueKind="String" MustHave="None" HiddenValue="false"><Values><Value>[DefaultDataDirectory]</Value></Values></RegistrySetting><RegistrySetting Id="DefaultLog" Path="[ReferenceInstanceRegPathById]\MSSQLServer\DefaultLog" ReadFlags="All" ReadFromPrevious="false" RCResource="false" ShouldWrite="false" RegistryValueKind="String" MustHave="None" HiddenValue="false"><Values><Value>[DefaultLogDirectory]</Value></Values></RegistrySetting><RegistrySetting Id="DefaultLogin" Path="[ReferenceInstanceRegPathById]\MSSQLServer\DefaultLogin" ReadFlags="All" ReadFromPrevious="false" RCResource="false" ShouldWrite="true" RegistryValueKind="String" MustHave="None" HiddenValue="false"><Values><Value>guest</Value></Values></RegistrySetting><RegistrySetting Id="ExternalDebugger" Path="[ReferenceInstanceRegPathById]\MSSQLServer\ExternalDebugger" ReadFlags="Upgrade_Yukon Upgrade_Katmai" ReadFromPrevious="false" RCResource="false" ShouldWrite="false" RegistryValueKind="String" MustHave="None" HiddenValue="false" /><RegistrySetting Id="LoginMode" Path="[ReferenceInstanceRegPathById]\MSSQLServer\LoginMode" ReadFlags="All" ReadFromPrevious="false" RCResource="false" ShouldWrite="true" RegistryValueKind="DWord" MustHave="RebuildDatabase" HiddenValue="false"><Values><Value>[LoginMode]</Value></Values></RegistrySetting><RegistrySetting Id="MapHash" Path="[ReferenceInstanceRegPathById]\MSSQLServer\Map#" ReadFlags="All" ReadFromPrevious="false" RCResource="false" ShouldWrite="true" RegistryValueKind="String" MustHave="None" HiddenValue="false"><Values><Value>-</Value></Values></RegistrySetting><RegistrySetting Id="MapDollar" Path="[ReferenceInstanceRegPathById]\MSSQLServer\Map$" ReadFlags="All" ReadFromPrevious="false" RCResource="false" ShouldWrite="true" RegistryValueKind="String" MustHave="None" HiddenValue="false"><Values><Value /></Values></RegistrySetting><RegistrySetting Id="MapUnderscore" Path="[ReferenceInstanceRegPathById]\MSSQLServer\Map_" ReadFlags="All" ReadFromPrevious="false" RCResource="false" ShouldWrite="true" RegistryValueKind="String" MustHave="None" HiddenValue="false"><Values><Value>[DomainSeperator]</Value></Values></RegistrySetting><RegistrySetting Id="MailAccountName" Path="[ReferenceInstanceRegPathById]\MSSQLServer\MailAccountName" ReadFlags="All" ReadFromPrevious="false" RCResource="false" ShouldWrite="false" RegistryValueKind="String" MustHave="None" HiddenValue="false"><Values><Value /></Values></RegistrySetting><RegistrySetting Id="MailPassword" Path="[ReferenceInstanceRegPathById]\MSSQLServer\MailPassword" ReadFlags="All" ReadFromPrevious="false" RCResource="false" ShouldWrite="false" RegistryValueKind="String" MustHave="None" HiddenValue="false"><Values><Value /></Values></RegistrySetting><RegistrySetting Id="FindNextMsgFailOnEmptyInbox" Path="[ReferenceInstanceRegPathById]\MSSQLServer\FindNextMsgFailOnEmptyInbox" ReadFlags="All" ReadFromPrevious="false" RCResource="false" ShouldWrite="false" RegistryValueKind="String" MustHave="None" HiddenValue="false"><Values><Value /></Values></RegistrySetting><RegistrySetting Id="RunningAsService" Path="[ReferenceInstanceRegPathById]\MSSQLServer\RunningAsService" ReadFlags="All" ReadFromPrevious="false" RCResource="false" ShouldWrite="false" RegistryValueKind="String" MustHave="None" HiddenValue="false"><Values><Value /></Values></RegistrySetting><RegistrySetting Id="MapiInitializeFlags" Path="[ReferenceInstanceRegPathById]\MSSQLServer\MapiInitializeFlags" ReadFlags="All" ReadFromPrevious="false" RCResource="false" ShouldWrite="false" RegistryValueKind="String" MustHave="None" HiddenValue="false"><Values><Value /></Values></RegistrySetting><RegistrySetting Id="MapiLogonFlags" Path="[ReferenceInstanceRegPathById]\MSSQLServer\MapiLogonFlags" ReadFlags="All" ReadFromPrevious="false" RCResource="false" ShouldWrite="false" RegistryValueKind="String" MustHave="None" HiddenValue="false"><Values><Value /></Values></RegistrySetting><RegistrySetting Id="MAPI_NO_MAIL_Flag" Path="[ReferenceInstanceRegPathById]\MSSQLServer\MAPI_NO_MAIL_Flag" ReadFlags="All" ReadFromPrevious="false" RCResource="false" ShouldWrite="false" RegistryValueKind="String" MustHave="None" HiddenValue="false"><Values><Value /></Values></RegistrySetting><RegistrySetting Id="OverwriteExistingAttachmentFiles" Path="[ReferenceInstanceRegPathById]\MSSQLServer\OverwriteExistingAttachmentFiles" ReadFlags="All" ReadFromPrevious="false" RCResource="false" ShouldWrite="false" RegistryValueKind="String" MustHave="None" HiddenValue="false"><Values><Value /></Values></RegistrySetting><RegistrySetting Id="PreserveAttachedMessageFileFormat" Path="[ReferenceInstanceRegPathById]\MSSQLServer\PreserveAttachedMessageFileFormat" ReadFlags="All" ReadFromPrevious="false" RCResource="false" ShouldWrite="false" RegistryValueKind="String" MustHave="None" HiddenValue="false"><Values><Value /></Values></RegistrySetting><RegistrySetting Id="SortMailBoxByAscendingDate" Path="[ReferenceInstanceRegPathById]\MSSQLServer\SortMailBoxByAscendingDate" ReadFlags="All" ReadFromPrevious="false" RCResource="false" ShouldWrite="false" RegistryValueKind="String" MustHave="None" HiddenValue="false"><Values><Value /></Values></RegistrySetting><RegistrySetting Id="DoNotPadColumns" Path="[ReferenceInstanceRegPathById]\MSSQLServer\DoNotPadColumns" ReadFlags="All" ReadFromPrevious="false" RCResource="false" ShouldWrite="false" RegistryValueKind="String" MustHave="None" HiddenValue="false"><Values><Value /></Values></RegistrySetting><RegistrySetting Id="NumberOfTimesToRetryOnNetworkError" Path="[ReferenceInstanceRegPathById]\MSSQLServer\NumberOfTimesToRetryOnNetworkError" ReadFlags="All" ReadFromPrevious="false" RCResource="false" ShouldWrite="false" RegistryValueKind="String" MustHave="None" HiddenValue="false"><Values><Value /></Values></RegistrySetting><RegistrySetting Id="WaitIntervalForRetryOnNetworkError" Path="[ReferenceInstanceRegPathById]\MSSQLServer\WaitIntervalForRetryOnNetworkError" ReadFlags="All" ReadFromPrevious="false" RCResource="false" ShouldWrite="false" RegistryValueKind="String" MustHave="None" HiddenValue="false"><Values><Value /></Values></RegistrySetting><RegistrySetting Id="Tapeloadwaittime" Path="[ReferenceInstanceRegPathById]\MSSQLServer\Tapeloadwaittime" ReadFlags="All" ReadFromPrevious="false" RCResource="false" ShouldWrite="true" RegistryValueKind="DWord" MustHave="None" HiddenValue="false"><Values><Value>4294967295</Value></Values></RegistrySetting><RegistrySetting Id="NumErrorLogs" Path="[ReferenceInstanceRegPathById]\MSSQLServer\NumErrorLogs" ReadFlags="All" ReadFromPrevious="false" RCResource="false" ShouldWrite="false" RegistryValueKind="String" MustHave="None" HiddenValue="false"><Values><Value>0</Value></Values></RegistrySetting><RegistrySetting Id="SetHostName" Path="[ReferenceInstanceRegPathById]\MSSQLServer\SetHostName" ReadFlags="All" ReadFromPrevious="false" RCResource="false" ShouldWrite="true" RegistryValueKind="DWord" MustHave="None" HiddenValue="false"><Values><Value>0</Value></Values></RegistrySetting><RegistrySetting Id="IsEnabled" Path="[ReferenceInstanceRegPathById]\MSSQLServer\SQLWEP\IsEnabled" ReadFlags="All" ReadFromPrevious="false" RCResource="false" ShouldWrite="false" RegistryValueKind="DWord" MustHave="None" HiddenValue="false" /><RegistrySetting Id="StackhasherCustomFunctions" Path="[ReferenceInstanceRegPathById]\MSSQLServer\StackhasherCustomFunctions" ReadFlags="All" ReadFromPrevious="false" RCResource="false" ShouldWrite="false" RegistryValueKind="String" MustHave="None" HiddenValue="false" /><RegistrySetting Id="AllowInProcess" Path="[ReferenceInstanceRegPathById]\Providers\AllowInProcess" ReadFlags="All" ReadFromPrevious="false" RCResource="false" ShouldWrite="true" RegistryValueKind="DWord" MustHave="None" HiddenValue="false"><Values><Value>1</Value></Values></RegistrySetting><RegistrySetting Id="ADSDSOObject_AllowInProcess" Path="[ReferenceInstanceRegPathById]\Providers\ADSDSOObject\AllowInProcess" ReadFlags="All" ReadFromPrevious="false" RCResource="false" ShouldWrite="true" RegistryValueKind="DWord" MustHave="None" HiddenValue="false"><Values><Value>1</Value></Values></RegistrySetting><RegistrySetting Id="DB2OLEDB_AllowInProcess" Path="[ReferenceInstanceRegPathById]\Providers\DB2OLEDB\AllowInProcess" ReadFlags="All" ReadFromPrevious="false" RCResource="false" ShouldWrite="true" RegistryValueKind="DWord" MustHave="None" HiddenValue="false"><Values><Value>1</Value></Values></RegistrySetting><RegistrySetting Id="MSDAORA_AllowInProcess" Path="[ReferenceInstanceRegPathById]\Providers\MSDAORA\AllowInProcess" ReadFlags="All" ReadFromPrevious="false" RCResource="false" ShouldWrite="true" RegistryValueKind="DWord" MustHave="None" HiddenValue="false"><Values><Value>1</Value></Values></RegistrySetting><RegistrySetting Id="MSDASQL_AllowInProcess" Path="[ReferenceInstanceRegPathById]\Providers\MSDASQL\AllowInProcess" ReadFlags="All" ReadFromPrevious="false" RCResource="false" ShouldWrite="true" RegistryValueKind="DWord" MustHave="None" HiddenValue="false"><Values><Value>1</Value></Values></RegistrySetting><RegistrySetting Id="MSIDXS_AllowInProcess" Path="[ReferenceInstanceRegPathById]\Providers\MSIDXS\AllowInProcess" ReadFlags="All" ReadFromPrevious="false" RCResource="false" ShouldWrite="true" RegistryValueKind="DWord" MustHave="None" HiddenValue="false"><Values><Value>1</Value></Values></RegistrySetting><RegistrySetting Id="MSQLImpProv_AllowInProcess" Path="[ReferenceInstanceRegPathById]\Providers\MSQLImpProv\AllowInProcess" ReadFlags="All" ReadFromPrevious="false" RCResource="false" ShouldWrite="true" RegistryValueKind="DWord" MustHave="None" HiddenValue="false"><Values><Value>1</Value></Values></RegistrySetting><RegistrySetting Id="MSSEARCHSQL_AllowInProcess" Path="[ReferenceInstanceRegPathById]\Providers\MSSEARCHSQL\AllowInProcess" ReadFlags="All" ReadFromPrevious="false" RCResource="false" ShouldWrite="true" RegistryValueKind="DWord" MustHave="None" HiddenValue="false"><Values><Value>1</Value></Values></RegistrySetting><RegistrySetting Id="MicrosoftJet_AllowInProcess" Path="[ReferenceInstanceRegPathById]\Providers\Microsoft.Jet.OLEDB.4.0\AllowInProcess" ReadFlags="All" ReadFromPrevious="false" RCResource="false" ShouldWrite="true" RegistryValueKind="DWord" MustHave="None" HiddenValue="false"><Values><Value>1</Value></Values></RegistrySetting><RegistrySetting Id="SQLNCLI10_AllowInProcess" Path="[ReferenceInstanceRegPathById]\Providers\SQLNCLI10\AllowInProcess" ReadFlags="All" ReadFromPrevious="false" RCResource="false" ShouldWrite="true" RegistryValueKind="DWord" MustHave="None" HiddenValue="false"><Values><Value>1</Value></Values></RegistrySetting><RegistrySetting Id="SQLNCLI10_DisallowAdhocAccess" Path="[ReferenceInstanceRegPathById]\Providers\SQLNCLI10\DisallowAdhocAccess" ReadFlags="All" ReadFromPrevious="false" RCResource="false" ShouldWrite="true" RegistryValueKind="DWord" MustHave="None" HiddenValue="false"><Values><Value>0</Value></Values></RegistrySetting><RegistrySetting Id="MSOLAP_AllowInProcess" Path="[ReferenceInstanceRegPathById]\Providers\MSOLAP\AllowInProcess" ReadFlags="All" ReadFromPrevious="false" RCResource="false" ShouldWrite="true" RegistryValueKind="DWord" MustHave="None" HiddenValue="false"><Values><Value>1</Value></Values></RegistrySetting><RegistrySetting Id="Collation" Path="[ReferenceInstanceRegPathById]\Setup\Collation" ReadFlags="All" ReadFromPrevious="false" RCResource="false" ShouldWrite="true" RegistryValueKind="String" MustHave="None" HiddenValue="false"><LegacyPaths><LegacyPath Version="Upgrade_Shiloh" Path="[ReferenceInstanceRegPathById]\MSSQLServer\DefaultCollationName" /></LegacyPaths><Values><Value>[Collation]</Value></Values></RegistrySetting><RegistrySetting Id="FirstStart" Path="[ReferenceInstanceRegPathById]\MSSQLServer\FirstStart" ReadFlags="Repair" ReadFromPrevious="false" RCResource="false" ShouldWrite="true" RegistryValueKind="DWord" MustHave="None" HiddenValue="false"><Values><Value>1</Value></Values></RegistrySetting><RegistrySetting Id="SQLDataRoot" Path="[ReferenceInstanceRegPathById]\Setup\SQLDataRoot" ReadFlags="All" ReadFromPrevious="false" RCResource="false" ShouldWrite="true" RegistryValueKind="String" MustHave="Upgrade RebuildDatabase" HiddenValue="false"><Values><Value>[DataRootDirectory]</Value></Values></RegistrySetting><RegistrySetting Id="SQLPath" Path="[ReferenceInstanceRegPathById]\Setup\SQLPath" ReadFlags="Upgrade_Shiloh Upgrade_Yukon Upgrade_Katmai ReadOnly Repair Uninstall" ReadFromPrevious="false" RCResource="false" ShouldWrite="false" RegistryValueKind="String" MustHave="RebuildDatabase" HiddenValue="false" /><RegistrySetting Id="SQLExceptionDumpPath" Path="[ReferenceInstanceRegPathById]\Setup\SQLExceptionDumpPath" ReadFlags="All" ReadFromPrevious="false" RCResource="false" ShouldWrite="false" RegistryValueKind="String" MustHave="None" HiddenValue="false" /><RegistrySetting Id="SQLCluster" Path="[ReferenceInstanceRegPathById]\Setup\SQLCluster" ReadFlags="All" ReadFromPrevious="false" RCResource="false" ShouldWrite="false" RegistryValueKind="DWord" MustHave="None" HiddenValue="false" /><RegistrySetting Id="ClusterName" Path="[ReferenceInstanceRegPathById]\Cluster\ClusterName" ReadFlags="All" ReadFromPrevious="false" RCResource="false" ShouldWrite="false" RegistryValueKind="String" MustHave="None" HiddenValue="false" /><RegistrySetting Id="PreviousInstanceId" Path="[ReferenceInstanceRegPathById]\Setup\PreviousInstanceId" ReadFlags="Upgrade_Shiloh Upgrade_Yukon Upgrade_Katmai ReadOnly Repair Uninstall" ReadFromPrevious="false" RCResource="false" ShouldWrite="false" RegistryValueKind="String" MustHave="None" HiddenValue="false" /><RegistrySetting Id="Service_Linkage_Export" Path="SYSTEM\CurrentControlSet\Services\[SqlServerServiceName]\Linkage\Export" ReadFlags="Repair" ReadFromPrevious="false" RCResource="true" ShouldWrite="true" RegistryValueKind="MultiString" MustHave="None" HiddenValue="false"><Values><Value>[InstanceName]</Value></Values></RegistrySetting><RegistrySetting Id="EventLog_Counters_EventMessageFile" Path="SYSTEM\CurrentControlSet\Services\EventLog\Application\[SqlCtrEventSource]\EventMessageFile" ReadFlags="Repair" ReadFromPrevious="false" RCResource="true" ShouldWrite="true" RegistryValueKind="String" MustHave="None" HiddenValue="false"><Values><Value>[InstallSqlInstanceDir]\Binn\Resources\[LCID]\sqlevn70.rll</Value></Values></RegistrySetting><RegistrySetting Id="EventLog_Counters_TypesSupported" Path="SYSTEM\CurrentControlSet\Services\EventLog\Application\[SqlCtrEventSource]\TypesSupported" ReadFlags="Repair" ReadFromPrevious="false" RCResource="true" ShouldWrite="true" RegistryValueKind="DWord" MustHave="None" HiddenValue="false"><Values><Value>7</Value></Values></RegistrySetting><RegistrySetting Id="EventLog_Engine_CategoryCount" Path="SYSTEM\CurrentControlSet\Services\EventLog\Application\[SqlServerServiceName]\CategoryCount" ReadFlags="Repair" ReadFromPrevious="false" RCResource="true" ShouldWrite="true" RegistryValueKind="DWord" MustHave="None" HiddenValue="false"><Values><Value>8</Value></Values></RegistrySetting><RegistrySetting Id="EventLog_Engine_CategoryMessageFile" Path="SYSTEM\CurrentControlSet\Services\EventLog\Application\[SqlServerServiceName]\CategoryMessageFile" ReadFlags="Repair" ReadFromPrevious="false" RCResource="true" ShouldWrite="true" RegistryValueKind="String" MustHave="None" HiddenValue="false"><Values><Value>[InstallSqlInstanceDir]\Binn\Resources\[LCID]\sqlevn70.rll</Value></Values></RegistrySetting><RegistrySetting Id="EventLog_Engine_EventMessageFile" Path="SYSTEM\CurrentControlSet\Services\EventLog\Application\[SqlServerServiceName]\EventMessageFile" ReadFlags="Repair" ReadFromPrevious="false" RCResource="true" ShouldWrite="true" RegistryValueKind="String" MustHave="None" HiddenValue="false"><Values><Value>[InstallSqlInstanceDir]\Binn\Resources\[LCID]\sqlevn70.rll</Value></Values></RegistrySetting><RegistrySetting Id="EventLog_Engine_TypesSupported" Path="SYSTEM\CurrentControlSet\Services\EventLog\Application\[SqlServerServiceName]\TypesSupported" ReadFlags="Repair" ReadFromPrevious="false" RCResource="true" ShouldWrite="true" RegistryValueKind="DWord" MustHave="None" HiddenValue="false"><Values><Value>255</Value></Values></RegistrySetting><RegistrySetting Id="Security_Entropy" Path="[ReferenceInstanceRegPathById]\Security\Entropy" ReadFlags="All" ReadFromPrevious="false" RCResource="false" ShouldWrite="false" RegistryValueKind="Binary" MustHave="None" HiddenValue="true" /></RegistrySettings><MasterDBPath xsi:nil="true" /><MasterLogPath xsi:nil="true" /><ErrorLogPath xsi:nil="true" /><ServiceShouldBeDisabled>false</ServiceShouldBeDisabled><WasPreviousServiceRunning>false</WasPreviousServiceRunning><FLastNode>false</FLastNode><PreviousRsFxVersion xsi:nil="true" /><Dependents /></SqlEngineSetupPrivate>