<ClusterNodePublicConfigObject xmlns:xsi="http://www.w3.org/2001/XMLSchema-instance" xmlns:xsd="http://www.w3.org/2001/XMLSchema" xmlns="http://www.microsoft.com/sql/configuration/ClusterNode/Public/2007/08"><FailoverClusterRollOwnership>2</FailoverClusterRollOwnership><IsLocalNodeActive>false</IsLocalNodeActive><IsActiveNodeUpgraded>false</IsActiveNodeUpgraded><IsLocalNodeUpgraded>false</IsLocalNodeUpgraded><LegacyNodeCount>0</LegacyNodeCount><IsPassiveNodeUpgraded>false</IsPassiveNodeUpgraded></ClusterNodePublicConfigObject>