<RunRuleResults><Header reportDate="8/17/2012" reportTime="3:48 PM" savedToDirectory="C:\Program Files\Microsoft SQL Server\100\Setup Bootstrap\Log\20120817_154611\SystemConfigurationCheck_Report.htm"><Machines><Machine value="DIGITALATTITUDE" /></Machines></Header><group groupName="GlobalRules" groupDescription="SQL Server 2008 R2 Setup configuration checks for rules group 'GlobalRules'"><RunRuleResult ruleName="OsVersionCheck" machineName="DIGITALATTITUDE" description="Checks whether the computer meets minimum operating system version requirements. " result="Passed" message="The operating system version meets the minimum requirements for this product." imagePath="resources\ProgressSuccess.ico" /><RunRuleResult ruleName="ThreadHasAdminPrivilegeCheck" machineName="DIGITALATTITUDE" description="Checks whether the account running SQL Server Setup has administrator rights on the computer." result="Passed" message="The account running SQL Server Setup has administator rights on the computer." imagePath="resources\ProgressSuccess.ico" /><RunRuleResult ruleName="RebootRequiredCheck" machineName="DIGITALATTITUDE" description="Checks if a pending computer restart is required. A pending restart can cause Setup to fail." result="Passed" message="The computer does not require a restart." imagePath="resources\ProgressSuccess.ico" /><RunRuleResult ruleName="WmiServiceStateCheck" machineName="DIGITALATTITUDE" description="Checks whether the WMI service is started and running on the computer." result="Passed" message="The Windows Management Instrumentation (WMI) service is running." imagePath="resources\ProgressSuccess.ico" /><RunRuleResult ruleName="AclPermissionsFacet" machineName="DIGITALATTITUDE" description="Checks if the SQL Server registry keys are consistent." result="Passed" message="SQL Server registry keys are consistent and can support SQL Server installation or upgrade." imagePath="resources\ProgressSuccess.ico" /><RunRuleResult ruleName="MediaPathLength" machineName="DIGITALATTITUDE" description="Checks whether the SQL Server installation media is too long." result="Passed" message="The SQL Server installation media is not too long." imagePath="resources\ProgressSuccess.ico" /><RunRuleResult ruleName="SetupCompatibilityCheck" machineName="DIGITALATTITUDE" description="Checks whether the current version of SQL Server is compatible with a later installed version." result="Passed" message="Setup has not detected any incompatibilities." imagePath="resources\ProgressSuccess.ico" /></group><group groupName="InstallGlobalRules" groupDescription="SQL Server 2008 R2 Setup configuration checks for rules group 'InstallGlobalRules'"><RunRuleResult ruleName="FusionRebootCheck" machineName="DIGITALATTITUDE" description="Checks if a computer restart is required because of broken fusion ATL. A pending restart can cause SQL Server Setup to fail." result="Passed" message="The computer does not require a restart." imagePath="resources\ProgressSuccess.ico" /><RunRuleResult ruleName="SqlUnsupportedProductBlocker" machineName="DIGITALATTITUDE" description="Checks whether SQL Server 7.0 or SQL Server 7.0 OLAP Services is installed. SQL Server 2008 R2 is not supported with SQL Server 7.0." result="Passed" message="SQL Server 7.0 or SQL Server 7.0 OLAP Services is not installed." imagePath="resources\ProgressSuccess.ico" /><RunRuleResult ruleName="PerfMonCounterNotCorruptedCheck" machineName="DIGITALATTITUDE" description="Checks if existing performance counter registry hive is consistent. " result="Passed" message="The performance counter registry hive is consistent." imagePath="resources\ProgressSuccess.ico" /><RunRuleResult ruleName="Bids2008InstalledCheck" machineName="DIGITALATTITUDE" description="Checks if any of SQL Server 2008 Business Intelligence Development Studio installation exists." result="Passed" message="SQL Server 2008 Business Intelligence Development Studio is not installed." imagePath="resources\ProgressSuccess.ico" /><RunRuleResult ruleName="BlockInstallSxS" machineName="DIGITALATTITUDE" description="Checks whether there is an existing SQL Server 2008 CTP installation." result="Passed" message="There are no previous CTP installations of SQL Server 2008." imagePath="resources\ProgressSuccess.ico" /><RunRuleResult ruleName="AclPermissionsFacet" machineName="DIGITALATTITUDE" description="Checks if the SQL Server registry keys are consistent." result="Passed" message="SQL Server registry keys are consistent and can support SQL Server installation or upgrade." imagePath="resources\ProgressSuccess.ico" /><RunRuleResult ruleName="FacetDomainControllerCheck" machineName="DIGITALATTITUDE" description="Checks whether the computer is a domain controller. Installing SQL Server 2008 R2 on a domain controller is not recommended." result="Passed" message="This computer is not a domain controller. " imagePath="resources\ProgressSuccess.ico" /><RunRuleResult ruleName="SSMS_IsInternetConnected" machineName="DIGITALATTITUDE" description="Verifies that the computer is connected to the Internet. When a Microsoft .NET application like Microsoft Management Studio starts, there maybe be a slight delay while the .NET security check validates a certificate." result="Passed" message="The computer is connected to the Internet and .NET security checks can be completed." imagePath="resources\ProgressSuccess.ico" /><RunRuleResult ruleName="FacetWOW64PlatformCheck" machineName="DIGITALATTITUDE" description="Determines whether SQL Server Setup is supported on this operating system platform." result="Passed" message="SQL Server Setup is supported on this operating system platform." imagePath="resources\ProgressSuccess.ico" /><RunRuleResult ruleName="FacetPowerShellCheck" machineName="DIGITALATTITUDE" description="Checks whether Windows PowerShell is installed. Windows PowerShell is a pre-requisite of Microsoft SQL Server 2008 R2 Express with Advanced Services." result="Passed" message="Windows PowerShell is installed or not required. " imagePath="resources\ProgressSuccess.ico" /><RunRuleResult ruleName="IsFirewallEnabled" machineName="DIGITALATTITUDE" description="Checks whether the Windows Firewall is enabled." result="Warning" message="The Windows Firewall is enabled. Make sure the appropriate ports are open to enable remote access. See the rules documentation at http://go.microsoft.com/fwlink/?LinkId=94001 for information about ports to open for each feature." imagePath="resources\ProgressWarn.ico" /></group><group groupName="InstallFeatureSpecificRules" groupDescription="SQL Server 2008 R2 Setup configuration checks for rules group 'InstallFeatureSpecificRules'"><RunRuleResult ruleName="Sql2005SsmsExpressFacet" machineName="DIGITALATTITUDE" description="Checks whether SQL Server 2005 Express Tools are installed." result="Not applicable" message="This rule does not apply to your system configuration." imagePath="resources\ProgressSkip.ico" /><RunRuleResult ruleName="EditionRequirementCheck" machineName="DIGITALATTITUDE" description="Checks whether the SQL Server edition is supported on this operating system." result="Passed" message="This SQL Server edition is supported on this operating system." imagePath="resources\ProgressSuccess.ico" /><RunRuleResult ruleName="VSShellInstalledRule" machineName="DIGITALATTITUDE" description="Checks for previous releases of Microsoft Visual Studio 2008" result="Not applicable" message="This rule does not apply to your system configuration." imagePath="resources\ProgressSkip.ico" /><RunRuleResult ruleName="ASSPISharePointPlatformSupportedCheck" machineName="DIGITALATTITUDE" description="Checks whether SharePoint supports current .Net Framework version." result="Not applicable" message="This rule does not apply to your system configuration." imagePath="resources\ProgressSkip.ico" /><RunRuleResult ruleName="ASSPIOperationSystemCheck" machineName="DIGITALATTITUDE" description="Checks for the Windows Server 2008 or later operating system. This operating system is required for installing SQL Server PowerPivot for SharePoint." result="Not applicable" message="This rule does not apply to your system configuration." imagePath="resources\ProgressSkip.ico" /><RunRuleResult ruleName="ASSPIUserIsFarmAdminCheck" machineName="DIGITALATTITUDE" description="Checks whether the user running Setup is also a SharePoint farm administrator." result="Not applicable" message="This rule does not apply to your system configuration." imagePath="resources\ProgressSkip.ico" /><RunRuleResult ruleName="ASSPIIISVersionCheck" machineName="DIGITALATTITUDE" description="Checks for Internet Information Services 7.0 or later. IIS 7.0 or later is required for installing SQL Server PowerPivot for SharePoint." result="Not applicable" message="This rule does not apply to your system configuration." imagePath="resources\ProgressSkip.ico" /><RunRuleResult ruleName="ASSPI64bitsMachineCheck" machineName="DIGITALATTITUDE" description="Checks whether the computer processor meets the 64-bit requirement for installing SQL Server PowerPivot for SharePoint." result="Not applicable" message="This rule does not apply to your system configuration." imagePath="resources\ProgressSkip.ico" /><RunRuleResult ruleName="ASSPINoExistingIMBICheck" machineName="DIGITALATTITUDE" description="Checks for an existing instance of SQL Server PowerPivot for SharePoint. You can have only one instance of PowerPivot for SharePoint on a computer." result="Not applicable" message="This rule does not apply to your system configuration." imagePath="resources\ProgressSkip.ico" /><RunRuleResult ruleName="ASSPINo32BitsOrWowCheck" machineName="DIGITALATTITUDE" description="Checks whether Setup is running in a 64-bit process on a computer that is running a 64-bit operating system. This is required for installing SQL Server PowerPivot for SharePoint." result="Not applicable" message="This rule does not apply to your system configuration." imagePath="resources\ProgressSkip.ico" /><RunRuleResult ruleName="ASSPIExistingFarmRequiresUpgradeCheck" machineName="DIGITALATTITUDE" description="Checks existing farm for SharePoint Server 2010." result="Not applicable" message="This rule does not apply to your system configuration." imagePath="resources\ProgressSkip.ico" /><RunRuleResult ruleName="ASSPIExistingFarmRequiresMoss14FarmCheck" machineName="DIGITALATTITUDE" description="Checks for membership in a SharePoint Server 2010 farm." result="Not applicable" message="This rule does not apply to your system configuration." imagePath="resources\ProgressSkip.ico" /><RunRuleResult ruleName="ASSPINewO14EnterpriseFarmUnconfiguredCheck" machineName="DIGITALATTITUDE" description="Checks whether Setup will be able to configure the local SharePoint server. " result="Not applicable" message="This rule does not apply to your system configuration." imagePath="resources\ProgressSkip.ico" /><RunRuleResult ruleName="ASSPINewFarmNeedsUpgradeToO14MossEnterpriseCheck" machineName="DIGITALATTITUDE" description="Checks for an un-configured SharePoint Server 2010." result="Not applicable" message="This rule does not apply to your system configuration." imagePath="resources\ProgressSkip.ico" /><RunRuleResult ruleName="ASSPINewFarmRequiresMoss14BitsCheck" machineName="DIGITALATTITUDE" description="Checks whether SharePoint Server 2010 is installed." result="Not applicable" message="This rule does not apply to your system configuration." imagePath="resources\ProgressSkip.ico" /><RunRuleResult ruleName="ASSPINewFarmRequiresMossBitsCheck" machineName="DIGITALATTITUDE" description="Checks whether the SharePoint server can be configured." result="Not applicable" message="This rule does not apply to your system configuration." imagePath="resources\ProgressSkip.ico" /><RunRuleResult ruleName="SharedComponentsUpgradeRule" machineName="DIGITALATTITUDE" description="Checks whether SQL Server 2008 shared components (such as IS, BIDS, Tools, SSMS, or BOL) are present on the machine, because installing SQL Server 2008 R2 shared components will automatically upgrade the existing shared components." result="Not applicable" message="This rule does not apply to your system configuration." imagePath="resources\ProgressSkip.ico" /><RunRuleResult ruleName="ASSPIInstanceNameNotInUseCheck" machineName="DIGITALATTITUDE" description="Checks for the required instance name." result="Not applicable" message="This rule does not apply to your system configuration." imagePath="resources\ProgressSkip.ico" /><RunRuleResult ruleName="ASSPIProvisionResultValidCheck" machineName="DIGITALATTITUDE" description="Checks whether all of the SQL Server PowerPivot for SharePoint instances in the farm are the same version." result="Not applicable" message="This rule does not apply to your system configuration." imagePath="resources\ProgressSkip.ico" /><RunRuleResult ruleName="SlipstreamMediaInfoCheck" machineName="DIGITALATTITUDE" description="Checks whether the language of the original media is the same as the language of the service pack for updating the setup media." result="Passed" message="The language of the original SQL Server 2008 R2 media and the service pack match." imagePath="resources\ProgressSuccess.ico" /><RunRuleResult ruleName="RS_W2K3IA64InstallCheck" machineName="DIGITALATTITUDE" description="Checks whether the operating system is Window 2003 and the architecture is IA64." result="Not applicable" message="This rule does not apply to your system configuration." imagePath="resources\ProgressSkip.ico" /><RunRuleResult ruleName="ASSPIExistingFarmMustBeAvailableCheck" machineName="DIGITALATTITUDE" description="Checks to see that SharePoint Server 2010 farm is presently available." result="Not applicable" message="This rule does not apply to your system configuration." imagePath="resources\ProgressSkip.ico" /><RunRuleResult ruleName="ASSPINewFarmRequiresNewAdminSiteCheck" machineName="DIGITALATTITUDE" description="Checks whether the SharePoint Central Administration site name is available." result="Not applicable" message="This rule does not apply to your system configuration." imagePath="resources\ProgressSkip.ico" /><RunRuleResult ruleName="ASSPIRequiresCompleteFarmCheck" machineName="DIGITALATTITUDE" description="Checks whether SharePoint Server 2010 was installed with the &quot;Farm&quot;, &quot;Complete&quot; option." result="Not applicable" message="This rule does not apply to your system configuration." imagePath="resources\ProgressSkip.ico" /></group><Resources rulesDocumentation="http://go.microsoft.com/fwlink/?LinkId=157129" community="http://go.microsoft.com/fwlink/?LinkId=157128" setupHelpFile="http://go.microsoft.com/fwlink/?LinkId=157127" /></RunRuleResults>