<frs:FeatureResult xmlns:frs="http://www.microsoft.com/sql/slp/FeatureResult.xsd"><frs:Feature Id="SQL_SNAC_CORE_sqlncli_Cpu32" Result="success"><frs:Action Id="Install_sqlncli_Cpu32_Action" Type="msi" Result="success" ResultNode="Result" /></frs:Feature><frs:Feature Id="SQL_SNAC_SDK_sqlncli_Cpu32" Result="success"><frs:Action Id="Install_sqlncli_Cpu32_Action" Type="msi" Result="success" ResultNode="Result" /></frs:Feature><frs:Feature Id="SQL_WRITER_SqlWriter_Cpu32" Result="success" ValidateResult="success" UpgradeResult="success" CleanupResult="success"><frs:Action Id="Install_SqlWriter_Cpu32_Action" Type="msi" Result="success" ResultNode="Result" /><frs:Action Id="ConfigEvent_SQL_WRITER_SqlWriter_Cpu32_Upgrade_MergeConfig_validation" Type="config" Result="success" ResultNode="ValidateResult" /><frs:Action Id="ConfigEvent_SQL_WRITER_SqlWriter_Cpu32_Upgrade_Validation_validation" Type="config" Result="success" ResultNode="ValidateResult" /><frs:Action Id="ConfigEvent_SQL_WRITER_SqlWriter_Cpu32_Upgrade_ShutdownInstance_downtime" Type="config" Result="success" ResultNode="Result" /><frs:Action Id="ConfigEvent_SQL_WRITER_SqlWriter_Cpu32_Upgrade_ShutdownNonInstance_premsi" Type="config" Result="success" ResultNode="Result" /><frs:Action Id="ConfigEvent_SQL_WRITER_SqlWriter_Cpu32_Upgrade_ConfigNonRC_postmsi" Type="config" Result="success" ResultNode="Result" /><frs:Action Id="SLP_Writer_Dumper_upgrade_startup_Cpu32" Type="config" Result="success" ResultNode="Result" /><frs:Action Id="ConfigEvent_SQL_WRITER_SqlWriter_Cpu32_Upgrade_ConfigRC_startup" Type="config" Result="success" ResultNode="UpgradeResult" /><frs:Action Id="ConfigEvent_SQL_WRITER_SqlWriter_Cpu32_Upgrade_Startup_startup" Type="config" Result="success" ResultNode="UpgradeResult" /><frs:Action Id="ConfigEvent_SQL_WRITER_SqlWriter_Cpu32_Upgrade_StartupFinalize_startup" Type="config" Result="success" ResultNode="UpgradeResult" /><frs:Action Id="ConfigEvent_SQL_WRITER_SqlWriter_Cpu32_Upgrade_Uninstall_uninstall" Type="config" Result="success" ResultNode="CleanupResult" /><frs:Action Id="ConfigEvent_SQL_WRITER_SqlWriter_Cpu32_Upgrade_Finalize_finalize" Type="config" Result="success" ResultNode="CleanupResult" /></frs:Feature><frs:Feature Id="SQM_SHARED_SqlSqmShared_Cpu32" Result="success"><frs:Action Id="Install_SqlSqmShared_Cpu32_Action" Type="msi" Result="success" ResultNode="Result" /></frs:Feature><frs:Feature Id="SupportFiles_SqlSupport_KatmaiRTM_Cpu32" Result="success"><frs:Action Id="Install_SqlSupport_KatmaiRTM_Cpu32_Action" Type="msi" Result="success" ResultNode="Result" /></frs:Feature><frs:Feature Id="Client_Components_CNS_sql_common_core_Cpu32" Result="success"><frs:Action Id="Install_sql_common_core_Cpu32_Action" Type="msi" Result="success" ResultNode="Result" /></frs:Feature><frs:Feature Id="CommonFiles_sql_common_core_Cpu32" Result="success" ValidateResult="success" CleanupResult="success"><frs:Action Id="Install_sql_common_core_Cpu32_Action" Type="msi" Result="success" ResultNode="Result" /><frs:Action Id="ConfigEvent_CommonFiles_sql_common_core_Cpu32_Install_GetDefaultConfig_validation" Type="config" Result="success" ResultNode="ValidateResult" /><frs:Action Id="ConfigEvent_CommonFiles_sql_common_core_Cpu32_Install_Validation_validation" Type="config" Result="success" ResultNode="ValidateResult" /><frs:Action Id="ConfigEvent_CommonFiles_sql_common_core_Cpu32_Install_ShutdownNonInstance_premsi" Type="config" Result="success" ResultNode="Result" /><frs:Action Id="ConfigEvent_CommonFiles_sql_common_core_Cpu32_Install_ConfigNonRC_postmsi" Type="config" Result="success" ResultNode="Result" /><frs:Action Id="CommonSkuConfig_install_ConfigNonRC_Cpu32" Type="config" Result="success" ResultNode="Result" /><frs:Action Id="Slp_Config_Install_Core_WMI_Provider_Cpu32" Type="config" Result="success" ResultNode="Result" /><frs:Action Id="ConfigEvent_CommonFiles_sql_common_core_Cpu32_Install_ConfigRC_postmsi" Type="config" Result="success" ResultNode="Result" /><frs:Action Id="ConfigEvent_CommonFiles_sql_common_core_Cpu32_Install_Startup_postmsi" Type="config" Result="success" ResultNode="Result" /><frs:Action Id="ConfigEvent_CommonFiles_sql_common_core_Cpu32_Install_StartupFinalize_postmsi" Type="config" Result="success" ResultNode="Result" /><frs:Action Id="ConfigEvent_CommonFiles_sql_common_core_Cpu32_Install_Finalize_finalize" Type="config" Result="success" ResultNode="CleanupResult" /></frs:Feature><frs:Feature Id="Connectivity_CNS_sql_common_core_Cpu32" Result="success"><frs:Action Id="Install_sql_common_core_Cpu32_Action" Type="msi" Result="success" ResultNode="Result" /></frs:Feature><frs:Feature Id="MPT_AGENT_CORE_CNS_sql_engine_core_shared_Cpu32" Result="success"><frs:Action Id="Install_sql_engine_core_shared_Cpu32_Action" Type="msi" Result="success" ResultNode="Result" /></frs:Feature><frs:Feature Id="SDK_CNS_sql_engine_core_shared_Cpu32" Result="success"><frs:Action Id="Install_sql_engine_core_shared_Cpu32_Action" Type="msi" Result="success" ResultNode="Result" /></frs:Feature><frs:Feature Id="SQL_BROWSER_CNS_sql_engine_core_shared_Cpu32" Result="success"><frs:Action Id="Install_sql_engine_core_shared_Cpu32_Action" Type="msi" Result="success" ResultNode="Result" /></frs:Feature><frs:Feature Id="SQL_CMDLINETOOLS_CNS_sql_engine_core_shared_Cpu32" Result="success"><frs:Action Id="Install_sql_engine_core_shared_Cpu32_Action" Type="msi" Result="success" ResultNode="Result" /></frs:Feature><frs:Feature Id="SQL_DATA_COLLECTOR_FNS_sql_engine_core_shared_Cpu32" Result="success"><frs:Action Id="Install_sql_engine_core_shared_Cpu32_Action" Type="msi" Result="success" ResultNode="Result" /></frs:Feature><frs:Feature Id="SQL_DMF_CNS_sql_engine_core_shared_Cpu32" Result="success"><frs:Action Id="Install_sql_engine_core_shared_Cpu32_Action" Type="msi" Result="success" ResultNode="Result" /></frs:Feature><frs:Feature Id="SQL_DUMPER_CNS_sql_engine_core_shared_Cpu32" Result="success"><frs:Action Id="Install_sql_engine_core_shared_Cpu32_Action" Type="msi" Result="success" ResultNode="Result" /></frs:Feature><frs:Feature Id="SQL_Engine_CNS_sql_engine_core_shared_Cpu32" Result="success"><frs:Action Id="Install_sql_engine_core_shared_Cpu32_Action" Type="msi" Result="success" ResultNode="Result" /></frs:Feature><frs:Feature Id="SQL_ENGINE_CORE_CNS_sql_engine_core_shared_Cpu32" Result="success"><frs:Action Id="Install_sql_engine_core_shared_Cpu32_Action" Type="msi" Result="success" ResultNode="Result" /></frs:Feature><frs:Feature Id="SQL_Engine_Core_Shared_sql_engine_core_shared_Cpu32" Result="success" ValidateResult="success" CleanupResult="success"><frs:Action Id="Install_sql_engine_core_shared_Cpu32_Action" Type="msi" Result="success" ResultNode="Result" /><frs:Action Id="ConfigEvent_SQL_Engine_Core_Shared_sql_engine_core_shared_Cpu32_Install_GetDefaultConfig_validation" Type="config" Result="success" ResultNode="ValidateResult" /><frs:Action Id="ConfigEvent_SQL_Engine_Core_Shared_sql_engine_core_shared_Cpu32_Install_Validation_validation" Type="config" Result="success" ResultNode="ValidateResult" /><frs:Action Id="ConfigEvent_SQL_Engine_Core_Shared_sql_engine_core_shared_Cpu32_Install_ShutdownNonInstance_premsi" Type="config" Result="success" ResultNode="Result" /><frs:Action Id="ConfigEvent_SQL_Engine_Core_Shared_sql_engine_core_shared_Cpu32_Install_ConfigNonRC_postmsi" Type="config" Result="success" ResultNode="Result" /><frs:Action Id="Slp_Config_Install_SQLEngine_ADHlpr_Cpu32" Type="config" Result="success" ResultNode="Result" /><frs:Action Id="ConfigEvent_SQL_Engine_Core_Shared_sql_engine_core_shared_Cpu32_Install_ConfigRC_postmsi" Type="config" Result="success" ResultNode="Result" /><frs:Action Id="ConfigEvent_SQL_Engine_Core_Shared_sql_engine_core_shared_Cpu32_Install_Startup_postmsi" Type="config" Result="success" ResultNode="Result" /><frs:Action Id="ConfigEvent_SQL_Engine_Core_Shared_sql_engine_core_shared_Cpu32_Install_StartupFinalize_postmsi" Type="config" Result="success" ResultNode="Result" /><frs:Action Id="ConfigEvent_SQL_Engine_Core_Shared_sql_engine_core_shared_Cpu32_Install_Finalize_finalize" Type="config" Result="success" ResultNode="CleanupResult" /></frs:Feature><frs:Feature Id="SQL_Engine_FNS_sql_engine_core_shared_Cpu32" Result="success"><frs:Action Id="Install_sql_engine_core_shared_Cpu32_Action" Type="msi" Result="success" ResultNode="Result" /></frs:Feature><frs:Feature Id="SQL_LEGACYTOOLS_CNS_sql_engine_core_shared_Cpu32" Result="success"><frs:Action Id="Install_sql_engine_core_shared_Cpu32_Action" Type="msi" Result="success" ResultNode="Result" /></frs:Feature><frs:Feature Id="SQL_PowerShell_Engine_CNS_sql_engine_core_shared_Cpu32" Result="success" ValidateResult="success" CleanupResult="success"><frs:Action Id="Install_sql_engine_core_shared_Cpu32_Action" Type="msi" Result="success" ResultNode="Result" /><frs:Action Id="ConfigEvent_SQL_PowerShell_Engine_CNS_sql_engine_core_shared_Cpu32_Install_GetDefaultConfig_validation" Type="config" Result="success" ResultNode="ValidateResult" /><frs:Action Id="ConfigEvent_SQL_PowerShell_Engine_CNS_sql_engine_core_shared_Cpu32_Install_Validation_validation" Type="config" Result="success" ResultNode="ValidateResult" /><frs:Action Id="ConfigEvent_SQL_PowerShell_Engine_CNS_sql_engine_core_shared_Cpu32_Install_ShutdownNonInstance_premsi" Type="config" Result="success" ResultNode="Result" /><frs:Action Id="ConfigEvent_SQL_PowerShell_Engine_CNS_sql_engine_core_shared_Cpu32_Install_ConfigNonRC_postmsi" Type="config" Result="success" ResultNode="Result" /><frs:Action Id="SlpPowershellEngineConfigAction_install_postmsi_Engine_Cpu32" Type="config" Result="success" ResultNode="Result" /><frs:Action Id="SqlPowershellConfigAction_install_postmsi_Engine_Cpu32" Type="config" Result="success" ResultNode="Result" /><frs:Action Id="ConfigEvent_SQL_PowerShell_Engine_CNS_sql_engine_core_shared_Cpu32_Install_ConfigRC_postmsi" Type="config" Result="success" ResultNode="Result" /><frs:Action Id="ConfigEvent_SQL_PowerShell_Engine_CNS_sql_engine_core_shared_Cpu32_Install_Startup_postmsi" Type="config" Result="success" ResultNode="Result" /><frs:Action Id="ConfigEvent_SQL_PowerShell_Engine_CNS_sql_engine_core_shared_Cpu32_Install_StartupFinalize_postmsi" Type="config" Result="success" ResultNode="Result" /><frs:Action Id="ConfigEvent_SQL_PowerShell_Engine_CNS_sql_engine_core_shared_Cpu32_Install_Finalize_finalize" Type="config" Result="success" ResultNode="CleanupResult" /></frs:Feature><frs:Feature Id="SQL_REPL_ENGINE_SUPPORT_FNS_sql_engine_core_shared_Cpu32" Result="success"><frs:Action Id="Install_sql_engine_core_shared_Cpu32_Action" Type="msi" Result="success" ResultNode="Result" /></frs:Feature><frs:Feature Id="SQL_Replication_CNS_sql_engine_core_shared_Cpu32" Result="success"><frs:Action Id="Install_sql_engine_core_shared_Cpu32_Action" Type="msi" Result="success" ResultNode="Result" /></frs:Feature><frs:Feature Id="SQL_Replication_Core_Shared_sql_engine_core_shared_Cpu32" Result="success"><frs:Action Id="Install_sql_engine_core_shared_Cpu32_Action" Type="msi" Result="success" ResultNode="Result" /></frs:Feature><frs:Feature Id="SQL_Replication_FNS_sql_engine_core_shared_Cpu32" Result="success"><frs:Action Id="Install_sql_engine_core_shared_Cpu32_Action" Type="msi" Result="success" ResultNode="Result" /></frs:Feature><frs:Feature Id="SQL_SCHEMAS_CNS_sql_engine_core_shared_Cpu32" Result="success"><frs:Action Id="Install_sql_engine_core_shared_Cpu32_Action" Type="msi" Result="success" ResultNode="Result" /></frs:Feature><frs:Feature Id="SQL_SLP_BASE_CNS_sql_engine_core_shared_Cpu32" Result="success"><frs:Action Id="Install_sql_engine_core_shared_Cpu32_Action" Type="msi" Result="success" ResultNode="Result" /></frs:Feature><frs:Feature Id="SQL_SLP_ENGINE_SUPPORT_CNS_sql_engine_core_shared_Cpu32" Result="success"><frs:Action Id="Install_sql_engine_core_shared_Cpu32_Action" Type="msi" Result="success" ResultNode="Result" /></frs:Feature><frs:Feature Id="Client_Components_CLS_sql_common_core_loc_Cpu32_1033" Result="success"><frs:Action Id="Install_sql_common_core_loc_Cpu32_1033_Action" Type="msi" Result="success" ResultNode="Result" /></frs:Feature><frs:Feature Id="CommonFiles_Loc_sql_common_core_loc_Cpu32_1033" Result="success" ValidateResult="success" CleanupResult="success"><frs:Action Id="Install_sql_common_core_loc_Cpu32_1033_Action" Type="msi" Result="success" ResultNode="Result" /><frs:Action Id="ConfigEvent_CommonFiles_Loc_sql_common_core_loc_Cpu32_1033_Install_GetDefaultConfig_validation" Type="config" Result="success" ResultNode="ValidateResult" /><frs:Action Id="ConfigEvent_CommonFiles_Loc_sql_common_core_loc_Cpu32_1033_Install_Validation_validation" Type="config" Result="success" ResultNode="ValidateResult" /><frs:Action Id="ConfigEvent_CommonFiles_Loc_sql_common_core_loc_Cpu32_1033_Install_ShutdownNonInstance_premsi" Type="config" Result="success" ResultNode="Result" /><frs:Action Id="ConfigEvent_CommonFiles_Loc_sql_common_core_loc_Cpu32_1033_Install_ConfigNonRC_postmsi" Type="config" Result="success" ResultNode="Result" /><frs:Action Id="Slp_Config_Install_Loc_WMI_Provider_Cpu32_1033" Type="config" Result="success" ResultNode="Result" /><frs:Action Id="ConfigEvent_CommonFiles_Loc_sql_common_core_loc_Cpu32_1033_Install_ConfigRC_postmsi" Type="config" Result="success" ResultNode="Result" /><frs:Action Id="ConfigEvent_CommonFiles_Loc_sql_common_core_loc_Cpu32_1033_Install_Startup_postmsi" Type="config" Result="success" ResultNode="Result" /><frs:Action Id="ConfigEvent_CommonFiles_Loc_sql_common_core_loc_Cpu32_1033_Install_StartupFinalize_postmsi" Type="config" Result="success" ResultNode="Result" /><frs:Action Id="ConfigEvent_CommonFiles_Loc_sql_common_core_loc_Cpu32_1033_Install_Finalize_finalize" Type="config" Result="success" ResultNode="CleanupResult" /></frs:Feature><frs:Feature Id="Connectivity_CLS_sql_common_core_loc_Cpu32_1033" Result="success"><frs:Action Id="Install_sql_common_core_loc_Cpu32_1033_Action" Type="msi" Result="success" ResultNode="Result" /></frs:Feature><frs:Feature Id="MPT_AGENT_CORE_CLS_sql_engine_core_shared_loc_Cpu32_1033" Result="success"><frs:Action Id="Install_sql_engine_core_shared_loc_Cpu32_1033_Action" Type="msi" Result="success" ResultNode="Result" /></frs:Feature><frs:Feature Id="SDK_CLS_sql_engine_core_shared_loc_Cpu32_1033" Result="success"><frs:Action Id="Install_sql_engine_core_shared_loc_Cpu32_1033_Action" Type="msi" Result="success" ResultNode="Result" /></frs:Feature><frs:Feature Id="SQL_CMDLINETOOLS_CLS_sql_engine_core_shared_loc_Cpu32_1033" Result="success"><frs:Action Id="Install_sql_engine_core_shared_loc_Cpu32_1033_Action" Type="msi" Result="success" ResultNode="Result" /></frs:Feature><frs:Feature Id="SQL_DATA_COLLECTOR_FLS_sql_engine_core_shared_loc_Cpu32_1033" Result="success"><frs:Action Id="Install_sql_engine_core_shared_loc_Cpu32_1033_Action" Type="msi" Result="success" ResultNode="Result" /></frs:Feature><frs:Feature Id="SQL_DMF_CLS_sql_engine_core_shared_loc_Cpu32_1033" Result="success"><frs:Action Id="Install_sql_engine_core_shared_loc_Cpu32_1033_Action" Type="msi" Result="success" ResultNode="Result" /></frs:Feature><frs:Feature Id="SQL_Engine_CLS_sql_engine_core_shared_loc_Cpu32_1033" Result="success"><frs:Action Id="Install_sql_engine_core_shared_loc_Cpu32_1033_Action" Type="msi" Result="success" ResultNode="Result" /></frs:Feature><frs:Feature Id="SQL_ENGINE_CORE_CLS_sql_engine_core_shared_loc_Cpu32_1033" Result="success"><frs:Action Id="Install_sql_engine_core_shared_loc_Cpu32_1033_Action" Type="msi" Result="success" ResultNode="Result" /></frs:Feature><frs:Feature Id="SQL_Engine_Core_Shared_Loc_sql_engine_core_shared_loc_Cpu32_1033" Result="success"><frs:Action Id="Install_sql_engine_core_shared_loc_Cpu32_1033_Action" Type="msi" Result="success" ResultNode="Result" /></frs:Feature><frs:Feature Id="SQL_Engine_FLS_sql_engine_core_shared_loc_Cpu32_1033" Result="success"><frs:Action Id="Install_sql_engine_core_shared_loc_Cpu32_1033_Action" Type="msi" Result="success" ResultNode="Result" /></frs:Feature><frs:Feature Id="SQL_LEGACYTOOLS_CLS_sql_engine_core_shared_loc_Cpu32_1033" Result="success"><frs:Action Id="Install_sql_engine_core_shared_loc_Cpu32_1033_Action" Type="msi" Result="success" ResultNode="Result" /></frs:Feature><frs:Feature Id="SQL_PowerShell_Engine_CLS_sql_engine_core_shared_loc_Cpu32_1033" Result="success"><frs:Action Id="Install_sql_engine_core_shared_loc_Cpu32_1033_Action" Type="msi" Result="success" ResultNode="Result" /></frs:Feature><frs:Feature Id="SQL_REPL_ENGINE_SUPPORT_FLS_sql_engine_core_shared_loc_Cpu32_1033" Result="success"><frs:Action Id="Install_sql_engine_core_shared_loc_Cpu32_1033_Action" Type="msi" Result="success" ResultNode="Result" /></frs:Feature><frs:Feature Id="SQL_Replication_CLS_sql_engine_core_shared_loc_Cpu32_1033" Result="success"><frs:Action Id="Install_sql_engine_core_shared_loc_Cpu32_1033_Action" Type="msi" Result="success" ResultNode="Result" /></frs:Feature><frs:Feature Id="SQL_SLP_BASE_CLS_sql_engine_core_shared_loc_Cpu32_1033" Result="success"><frs:Action Id="Install_sql_engine_core_shared_loc_Cpu32_1033_Action" Type="msi" Result="success" ResultNode="Result" /></frs:Feature><frs:Feature Id="SQL_SLP_ENGINE_SUPPORT_CLS_sql_engine_core_shared_loc_Cpu32_1033" Result="success"><frs:Action Id="Install_sql_engine_core_shared_loc_Cpu32_1033_Action" Type="msi" Result="success" ResultNode="Result" /></frs:Feature><frs:Feature Id="SQL_Browser_Redist_SqlBrowser_Cpu32" Result="success" ValidateResult="success" CleanupResult="success"><frs:Action Id="Install_SqlBrowser_Cpu32_Action" Type="msi" Result="success" ResultNode="Result" /><frs:Action Id="ConfigEvent_SQL_Browser_Redist_SqlBrowser_Cpu32_Install_GetDefaultConfig_validation" Type="config" Result="success" ResultNode="ValidateResult" /><frs:Action Id="SLP_Browser_Dumper_install_getdefaultconfig_Cpu32" Type="config" Result="success" ResultNode="ValidateResult" /><frs:Action Id="ConfigEvent_SQL_Browser_Redist_SqlBrowser_Cpu32_Install_Validation_validation" Type="config" Result="success" ResultNode="ValidateResult" /><frs:Action Id="ConfigEvent_SQL_Browser_Redist_SqlBrowser_Cpu32_Install_ShutdownNonInstance_premsi" Type="config" Result="success" ResultNode="Result" /><frs:Action Id="SqlBrowserConfigAction_install_ShutdownNonInstance_Cpu32" Type="config" Result="success" ResultNode="Result" /><frs:Action Id="ConfigEvent_SQL_Browser_Redist_SqlBrowser_Cpu32_Install_ConfigNonRC_postmsi" Type="config" Result="success" ResultNode="Result" /><frs:Action Id="SLP_Browser_Dumper_install_postmsi_Cpu32" Type="config" Result="success" ResultNode="Result" /><frs:Action Id="SqlBrowserConfigAction_install_ConfigNonRC_Cpu32" Type="config" Result="success" ResultNode="Result" /><frs:Action Id="ConfigEvent_SQL_Browser_Redist_SqlBrowser_Cpu32_Install_ConfigRC_postmsi" Type="config" Result="success" ResultNode="Result" /><frs:Action Id="ConfigEvent_SQL_Browser_Redist_SqlBrowser_Cpu32_Install_Startup_postmsi" Type="config" Result="success" ResultNode="Result" /><frs:Action Id="SqlBrowserConfigAction_install_Startup_Cpu32" Type="config" Result="success" ResultNode="Result" /><frs:Action Id="ConfigEvent_SQL_Browser_Redist_SqlBrowser_Cpu32_Install_StartupFinalize_postmsi" Type="config" Result="success" ResultNode="Result" /><frs:Action Id="ConfigEvent_SQL_Browser_Redist_SqlBrowser_Cpu32_Install_Finalize_finalize" Type="config" Result="success" ResultNode="CleanupResult" /></frs:Feature><frs:Feature Id="SQL_RsFx_RsFx_Cpu32" Result="success"><frs:Action Id="Install_RsFx_Cpu32_Action" Type="msi" Result="success" ResultNode="Result" /></frs:Feature><frs:Feature Id="MPT_AGENT_CORE_CNI_sql_engine_core_inst_Cpu32" Result="success" ValidateResult="success" CleanupResult="success"><frs:Action Id="Install_sql_engine_core_inst_Cpu32_Action" Type="msi" Result="success" ResultNode="Result" /><frs:Action Id="ConfigEvent_MPT_AGENT_CORE_CNI_sql_engine_core_inst_Cpu32_Install_GetDefaultConfig_validation" Type="config" Result="success" ResultNode="ValidateResult" /><frs:Action Id="AgentConfigAction_install_GetDefaultConfig_Cpu32" Type="config" Result="success" ResultNode="ValidateResult" /><frs:Action Id="ConfigEvent_MPT_AGENT_CORE_CNI_sql_engine_core_inst_Cpu32_Install_Validation_validation" Type="config" Result="success" ResultNode="ValidateResult" /><frs:Action Id="AgentConfigAction_install_Validation_Cpu32" Type="config" Result="success" ResultNode="ValidateResult" /><frs:Action Id="ConfigEvent_MPT_AGENT_CORE_CNI_sql_engine_core_inst_Cpu32_Install_ShutdownNonInstance_premsi" Type="config" Result="success" ResultNode="Result" /><frs:Action Id="ConfigEvent_MPT_AGENT_CORE_CNI_sql_engine_core_inst_Cpu32_Install_ConfigNonRC_postmsi" Type="config" Result="success" ResultNode="Result" /><frs:Action Id="AgentInstall_AgentInitializeSettings_Cpu32" Type="config" Result="success" ResultNode="Result" /><frs:Action Id="AgentInstall_AgentInitializeRuntimeSettings_Cpu32" Type="config" Result="success" ResultNode="Result" /><frs:Action Id="AgentInstall_AgentCalculateInstallNonRC_Cpu32" Type="config" Result="success" ResultNode="Result" /><frs:Action Id="AgentInstall_AgentInstallNonRC_Cpu32" Type="config" Result="success" ResultNode="Result" /><frs:Action Id="ConfigEvent_MPT_AGENT_CORE_CNI_sql_engine_core_inst_Cpu32_Install_ConfigRC_postmsi" Type="config" Result="success" ResultNode="Result" /><frs:Action Id="ConfigEvent_MPT_AGENT_CORE_CNI_sql_engine_core_inst_Cpu32_Install_Startup_postmsi" Type="config" Result="success" ResultNode="Result" /><frs:Action Id="AgentInstall_AgentInstallStartup_Cpu32" Type="config" Result="success" ResultNode="Result" /><frs:Action Id="ConfigEvent_MPT_AGENT_CORE_CNI_sql_engine_core_inst_Cpu32_Install_StartupFinalize_postmsi" Type="config" Result="success" ResultNode="Result" /><frs:Action Id="ConfigEvent_MPT_AGENT_CORE_CNI_sql_engine_core_inst_Cpu32_Install_Finalize_finalize" Type="config" Result="success" ResultNode="CleanupResult" /></frs:Feature><frs:Feature Id="SQL_AGENT_FNI_sql_engine_core_inst_Cpu32" Result="success"><frs:Action Id="Install_sql_engine_core_inst_Cpu32_Action" Type="msi" Result="success" ResultNode="Result" /></frs:Feature><frs:Feature Id="SQL_CMDLINETOOLS_CNI_sql_engine_core_inst_Cpu32" Result="success"><frs:Action Id="Install_sql_engine_core_inst_Cpu32_Action" Type="msi" Result="success" ResultNode="Result" /></frs:Feature><frs:Feature Id="SQL_DATA_COLLECTOR_FNI_sql_engine_core_inst_Cpu32" Result="success"><frs:Action Id="Install_sql_engine_core_inst_Cpu32_Action" Type="msi" Result="success" ResultNode="Result" /></frs:Feature><frs:Feature Id="SQL_DataFiles_Core_Inst_sql_engine_core_inst_Cpu32" Result="success"><frs:Action Id="Install_sql_engine_core_inst_Cpu32_Action" Type="msi" Result="success" ResultNode="Result" /></frs:Feature><frs:Feature Id="SQL_DUMPER_CNI_sql_engine_core_inst_Cpu32" Result="success"><frs:Action Id="Install_sql_engine_core_inst_Cpu32_Action" Type="msi" Result="success" ResultNode="Result" /></frs:Feature><frs:Feature Id="SQL_Engine_CNI_sql_engine_core_inst_Cpu32" Result="success"><frs:Action Id="Install_sql_engine_core_inst_Cpu32_Action" Type="msi" Result="success" ResultNode="Result" /></frs:Feature><frs:Feature Id="SQL_ENGINE_CORE_CNI_sql_engine_core_inst_Cpu32" Result="success"><frs:Action Id="Install_sql_engine_core_inst_Cpu32_Action" Type="msi" Result="success" ResultNode="Result" /></frs:Feature><frs:Feature Id="SQL_Engine_Core_Inst_sql_engine_core_inst_Cpu32" Result="success" ValidateResult="success" CleanupResult="success"><frs:Action Id="Install_sql_engine_core_inst_Cpu32_Action" Type="msi" Result="success" ResultNode="Result" /><frs:Action Id="ConfigEvent_SQL_Engine_Core_Inst_sql_engine_core_inst_Cpu32_Install_GetDefaultConfig_validation" Type="config" Result="success" ResultNode="ValidateResult" /><frs:Action Id="SQLInstanceID_install_validation_Cpu32" Type="config" Result="success" ResultNode="ValidateResult" /><frs:Action Id="SLP_SQL_Dumper_install_getdefaultconfig_Cpu32" Type="config" Result="success" ResultNode="ValidateResult" /><frs:Action Id="SQLDumper_install_getdefaultconfig_Cpu32" Type="config" Result="success" ResultNode="ValidateResult" /><frs:Action Id="ConfigEvent_SQL_Engine_Core_Inst_sql_engine_core_inst_Cpu32_Install_Validation_validation" Type="config" Result="success" ResultNode="ValidateResult" /><frs:Action Id="SQLInstanceID_install_validation2_Cpu32" Type="config" Result="success" ResultNode="ValidateResult" /><frs:Action Id="SniServerConfigAction_Install_atValidation_Cpu32" Type="config" Result="success" ResultNode="ValidateResult" /><frs:Action Id="ConfigEvent_SQL_Engine_Core_Inst_sql_engine_core_inst_Cpu32_Install_ShutdownNonInstance_premsi" Type="config" Result="success" ResultNode="Result" /><frs:Action Id="ConfigEvent_SQL_Engine_Core_Inst_sql_engine_core_inst_Cpu32_Install_ConfigNonRC_postmsi" Type="config" Result="success" ResultNode="Result" /><frs:Action Id="SQLInstanceID_install_postmsi_Cpu32" Type="config" Result="success" ResultNode="Result" /><frs:Action Id="SqlSkuConfig_install_ConfigNonRC_Cpu32" Type="config" Result="success" ResultNode="Result" /><frs:Action Id="Sql_CompleteImage_PrepareImage_Shortcut_Deletion_CalculateCompleteImageShortcutRemoval_Cpu32" Type="config" Result="success" ResultNode="Result" /><frs:Action Id="Sql_CompleteImage_PrepareImage_Shortcut_Deletion_DeleteCompleteImageShortcut_Cpu32" Type="config" Result="success" ResultNode="Result" /><frs:Action Id="cluster_group_cluster_config_Cpu32" Type="config" Result="success" ResultNode="Result" /><frs:Action Id="cluster_failover_cluster_name_cluster_config_Cpu32" Type="config" Result="success" ResultNode="Result" /><frs:Action Id="cluster_disk_cluster_config_Cpu32" Type="config" Result="success" ResultNode="Result" /><frs:Action Id="cluster_ip_address_cluster_config_Cpu32" Type="config" Result="success" ResultNode="Result" /><frs:Action Id="SqlEngineCreateGroupConfigAction_install_confignonrc_Cpu32" Type="config" Result="success" ResultNode="Result" /><frs:Action Id="SqlBrowserStopServiceConfigEngAction_install_ConfigNonRC_Cpu32" Type="config" Result="success" ResultNode="Result" /><frs:Action Id="SniServerConfigAction_Install_atConfigNonRC_Cpu32" Type="config" Result="success" ResultNode="Result" /><frs:Action Id="SqlBrowserConfigEngAction_install_ConfigNonRC_Cpu32" Type="config" Result="success" ResultNode="Result" /><frs:Action Id="SqlEngineDowngradeDLLConfigAction_install_confignonrc_Cpu32" Type="config" Result="success" ResultNode="Result" /><frs:Action Id="SqlEngineConfigAction_install_confignonrc_Cpu32" Type="config" Result="success" ResultNode="Result" /><frs:Action Id="SLP_SQL_Dumper_install_postmsi_Cpu32" Type="config" Result="success" ResultNode="Result" /><frs:Action Id="SQLDumper_install_postmsi_Cpu32" Type="config" Result="success" ResultNode="Result" /><frs:Action Id="SQLServerSCP_install_Cpu32" Type="config" Result="success" ResultNode="Result" /><frs:Action Id="ConfigEvent_SQL_Engine_Core_Inst_sql_engine_core_inst_Cpu32_Install_ConfigRC_postmsi" Type="config" Result="success" ResultNode="Result" /><frs:Action Id="SlpLegacyDiscovery_install_ConfigRC_Cpu32" Type="config" Result="success" ResultNode="Result" /><frs:Action Id="SqlEngineDBStartConfigAction_install_configrc_Cpu32" Type="config" Result="success" ResultNode="Result" /><frs:Action Id="AgentScriptConfiguration_install_rc_Cpu32" Type="config" Result="success" ResultNode="Result" /><frs:Action Id="RS_RunInstallScriptsAction_Cpu32" Type="config" Result="success" ResultNode="Result" /><frs:Action Id="SqlEngineDBStopConfigAction_install_configrc_Cpu32" Type="config" Result="success" ResultNode="Result" /><frs:Action Id="ConfigEvent_SQL_Engine_Core_Inst_sql_engine_core_inst_Cpu32_Install_Startup_postmsi" Type="config" Result="success" ResultNode="Result" /><frs:Action Id="SqlBrowserConfigEngAction_install_Startup_Cpu32" Type="config" Result="success" ResultNode="Result" /><frs:Action Id="SqlEngineConfigAction_install_startup_Cpu32" Type="config" Result="success" ResultNode="Result" /><frs:Action Id="ConfigEvent_SQL_Engine_Core_Inst_sql_engine_core_inst_Cpu32_Install_StartupFinalize_postmsi" Type="config" Result="success" ResultNode="Result" /><frs:Action Id="ConfigEvent_SQL_Engine_Core_Inst_sql_engine_core_inst_Cpu32_Install_Finalize_finalize" Type="config" Result="success" ResultNode="CleanupResult" /><frs:Action Id="cluster_group_cluster_finalconfig_Cpu32" Type="config" Result="success" ResultNode="CleanupResult" /></frs:Feature><frs:Feature Id="SQL_ENGINE_DB_CNI_sql_engine_core_inst_Cpu32" Result="success"><frs:Action Id="Install_sql_engine_core_inst_Cpu32_Action" Type="msi" Result="success" ResultNode="Result" /></frs:Feature><frs:Feature Id="SQL_LEGACYTOOLS_CNI_sql_engine_core_inst_Cpu32" Result="success"><frs:Action Id="Install_sql_engine_core_inst_Cpu32_Action" Type="msi" Result="success" ResultNode="Result" /></frs:Feature><frs:Feature Id="SQL_LEGACYTOOLS_FNI_sql_engine_core_inst_Cpu32" Result="success"><frs:Action Id="Install_sql_engine_core_inst_Cpu32_Action" Type="msi" Result="success" ResultNode="Result" /></frs:Feature><frs:Feature Id="SQL_MAIL_FNI_sql_engine_core_inst_Cpu32" Result="success"><frs:Action Id="Install_sql_engine_core_inst_Cpu32_Action" Type="msi" Result="success" ResultNode="Result" /></frs:Feature><frs:Feature Id="SQL_REPL_ENGINE_SUPPORT_CNI_sql_engine_core_inst_Cpu32" Result="success"><frs:Action Id="Install_sql_engine_core_inst_Cpu32_Action" Type="msi" Result="success" ResultNode="Result" /></frs:Feature><frs:Feature Id="SQL_REPL_ENGINE_SUPPORT_FNI_sql_engine_core_inst_Cpu32" Result="success"><frs:Action Id="Install_sql_engine_core_inst_Cpu32_Action" Type="msi" Result="success" ResultNode="Result" /></frs:Feature><frs:Feature Id="SQL_Replication_CNI_sql_engine_core_inst_Cpu32" Result="success"><frs:Action Id="Install_sql_engine_core_inst_Cpu32_Action" Type="msi" Result="success" ResultNode="Result" /></frs:Feature><frs:Feature Id="SQL_Replication_Core_Inst_sql_engine_core_inst_Cpu32" Result="success" ValidateResult="success" CleanupResult="success"><frs:Action Id="Install_sql_engine_core_inst_Cpu32_Action" Type="msi" Result="success" ResultNode="Result" /><frs:Action Id="ConfigEvent_SQL_Replication_Core_Inst_sql_engine_core_inst_Cpu32_Install_GetDefaultConfig_validation" Type="config" Result="success" ResultNode="ValidateResult" /><frs:Action Id="ConfigEvent_SQL_Replication_Core_Inst_sql_engine_core_inst_Cpu32_Install_Validation_validation" Type="config" Result="success" ResultNode="ValidateResult" /><frs:Action Id="ConfigEvent_SQL_Replication_Core_Inst_sql_engine_core_inst_Cpu32_Install_ShutdownNonInstance_premsi" Type="config" Result="success" ResultNode="Result" /><frs:Action Id="ConfigEvent_SQL_Replication_Core_Inst_sql_engine_core_inst_Cpu32_Install_ConfigNonRC_postmsi" Type="config" Result="success" ResultNode="Result" /><frs:Action Id="ReplConfigAction_install_postmsi_Cpu32" Type="config" Result="success" ResultNode="Result" /><frs:Action Id="ConfigEvent_SQL_Replication_Core_Inst_sql_engine_core_inst_Cpu32_Install_ConfigRC_postmsi" Type="config" Result="success" ResultNode="Result" /><frs:Action Id="ConfigEvent_SQL_Replication_Core_Inst_sql_engine_core_inst_Cpu32_Install_Startup_postmsi" Type="config" Result="success" ResultNode="Result" /><frs:Action Id="ConfigEvent_SQL_Replication_Core_Inst_sql_engine_core_inst_Cpu32_Install_StartupFinalize_postmsi" Type="config" Result="success" ResultNode="Result" /><frs:Action Id="ConfigEvent_SQL_Replication_Core_Inst_sql_engine_core_inst_Cpu32_Install_Finalize_finalize" Type="config" Result="success" ResultNode="CleanupResult" /></frs:Feature><frs:Feature Id="SQL_Replication_FNI_sql_engine_core_inst_Cpu32" Result="success"><frs:Action Id="Install_sql_engine_core_inst_Cpu32_Action" Type="msi" Result="success" ResultNode="Result" /></frs:Feature><frs:Feature Id="SQL_SLP_ENGINE_SUPPORT_CNI_sql_engine_core_inst_Cpu32" Result="success"><frs:Action Id="Install_sql_engine_core_inst_Cpu32_Action" Type="msi" Result="success" ResultNode="Result" /></frs:Feature><frs:Feature Id="SQL_UPGRADESCRIPTS_FNI_sql_engine_core_inst_Cpu32" Result="success"><frs:Action Id="Install_sql_engine_core_inst_Cpu32_Action" Type="msi" Result="success" ResultNode="Result" /></frs:Feature><frs:Feature Id="MPT_AGENT_CORE_CLI_sql_engine_core_inst_loc_Cpu32_1033" Result="success"><frs:Action Id="Install_sql_engine_core_inst_loc_Cpu32_1033_Action" Type="msi" Result="success" ResultNode="Result" /></frs:Feature><frs:Feature Id="SQL_AGENT_FLI_sql_engine_core_inst_loc_Cpu32_1033" Result="success"><frs:Action Id="Install_sql_engine_core_inst_loc_Cpu32_1033_Action" Type="msi" Result="success" ResultNode="Result" /></frs:Feature><frs:Feature Id="SQL_DATA_COLLECTOR_FLI_sql_engine_core_inst_loc_Cpu32_1033" Result="success"><frs:Action Id="Install_sql_engine_core_inst_loc_Cpu32_1033_Action" Type="msi" Result="success" ResultNode="Result" /></frs:Feature><frs:Feature Id="SQL_ENGINE_CORE_CLI_sql_engine_core_inst_loc_Cpu32_1033" Result="success"><frs:Action Id="Install_sql_engine_core_inst_loc_Cpu32_1033_Action" Type="msi" Result="success" ResultNode="Result" /></frs:Feature><frs:Feature Id="SQL_Engine_Core_Inst_Loc_sql_engine_core_inst_loc_Cpu32_1033" Result="success"><frs:Action Id="Install_sql_engine_core_inst_loc_Cpu32_1033_Action" Type="msi" Result="success" ResultNode="Result" /></frs:Feature><frs:Feature Id="SQL_LEGACYTOOLS_FLI_sql_engine_core_inst_loc_Cpu32_1033" Result="success"><frs:Action Id="Install_sql_engine_core_inst_loc_Cpu32_1033_Action" Type="msi" Result="success" ResultNode="Result" /></frs:Feature><frs:Feature Id="SQL_MAIL_FLI_sql_engine_core_inst_loc_Cpu32_1033" Result="success"><frs:Action Id="Install_sql_engine_core_inst_loc_Cpu32_1033_Action" Type="msi" Result="success" ResultNode="Result" /></frs:Feature></frs:FeatureResult>