<?xml version="1.0" encoding="utf-8" ?>
<UIHost xmlns="http://schemas.microsoft.com/sqlserver/setup/uihost.xsd" ResourceManager="Microsoft.SqlServer.Configuration.InstallWizard.SR, Microsoft.SqlServer.Configuration.InstallWizard">
  <Pages>

    <Page
    ID="RunGlobalRules">
      <Title ResourceID="SystemConfigurationCheckTitle"></Title>
      <Subtitle ResourceID="SystemConfigurationCheckSubtitle"></Subtitle>
      <Buttons>
        <Button ID="Finish" Visible="false"/>
        <Button ID="Back" Enabled="false"/>
        <Button ID="Next" Enabled="false"/>
        <Button ID="Cancel" Enabled="false"/>  
      </Buttons>
      <ControllerType>Microsoft.SqlServer.Configuration.InstallWizard.RunScenarioGlobalRuleProgressController, Microsoft.SqlServer.Configuration.InstallWizard</ControllerType>
        <HelpGUID>168c0445-5651-42fc-91f4-d9f27d9e2281</HelpGUID>
    </Page>      

    <Page
      ID="PIDValidation">
      <Title ResourceID="CompleteImagePIDTitle"></Title>
      <Subtitle  ResourceID="CompleteImagePIDSubtitle"></Subtitle>
      <VisibleAttributes>
        <TypeName>Microsoft.SqlServer.Configuration.InstallWizardFramework.EulaPidVisibleAttribute, Microsoft.SqlServer.Configuration.InstallWizardFramework</TypeName>
      </VisibleAttributes>
      <Buttons>
        <Button ID="Finish" Visible="false"/>
      </Buttons>
      <ControllerType>Microsoft.SqlServer.Configuration.InstallWizard.PidValidationController, Microsoft.SqlServer.Configuration.InstallWizard</ControllerType>
      <HelpGUID>2e39bd3f-6246-4b60-9774-0a427ba2a26c</HelpGUID>
    </Page>

    <Page
      ID="EULAPid" PageType="Page" >
      <Title ResourceID="CompleteImageEULAPidTitle"></Title>
      <Subtitle ResourceID="CompleteImageEULAPidSubtitle"></Subtitle>
      <VisibleAttributes>
        <TypeName>Microsoft.SqlServer.Configuration.InstallWizardFramework.EulaPidVisibleAttribute, Microsoft.SqlServer.Configuration.InstallWizardFramework</TypeName>
      </VisibleAttributes>
      <Buttons>
        <Button ID="Finish" Visible="false"/>
        <Button ID="Next" Enabled="false"/>
        <Button ID="Help" Visible="true"/>
      </Buttons>
      <ControllerType>Microsoft.SqlServer.Configuration.InstallWizard.EULAPidController, Microsoft.SqlServer.Configuration.InstallWizard</ControllerType>
      <HelpGUID>08dd739d-5817-4418-bcff-74ab7f8bbd33</HelpGUID>
    </Page>

      <Page
      ID="SelectConfigurableInstance">
          <Title ResourceID="SelectConfigurableInstanceTitle"></Title>
          <Subtitle ResourceID="SelectConfigurableInstanceSubtitle"></Subtitle>
          <VisibleAttributes>
            <TypeName>Microsoft.SqlServer.Configuration.InstallWizardFramework.RequiresCompleteImageScenarioAttribute, Microsoft.SqlServer.Configuration.InstallWizardFramework</TypeName>
          </VisibleAttributes>
          <Buttons>
              <Button ID="Finish" Visible="false"/>
          </Buttons>
          <ControllerType>Microsoft.SqlServer.Configuration.InstallWizard.InstanceSelectionController, Microsoft.SqlServer.Configuration.InstallWizard</ControllerType>
	  <HelpGUID>ba0d57b5-87cc-43f0-bfbb-f06123c546bd</HelpGUID>
      </Page>      

    <Page
    ID="FeatureTree">
      <Title ResourceID="CompleteImageFeatureSelectionTitle"></Title>
      <Subtitle ResourceID="CompleteImageFeatureSelectionSubtitle"></Subtitle>
      <Buttons>
        <Button ID="Finish" Visible="false"/>
      </Buttons>
      <ControllerType>Microsoft.SqlServer.Configuration.InstallWizard.InstallFeatureTreeController, Microsoft.SqlServer.Configuration.InstallWizard</ControllerType>
      <HelpGUID>1e2b22b8-5811-4f50-875b-685f3ddbd1ee</HelpGUID>
      <PageLeftEmbeddedAction>CALCULATESCENARIO</PageLeftEmbeddedAction>
    </Page>

    <Page
      ID="InstanceName">
      <Title ResourceID="CompleteImageInstanceNameTitle"></Title>
      <Subtitle ResourceID="CompleteImageInstanceNameSubtitle"></Subtitle>
      <Buttons>
        <Button ID="Finish" Visible="false"/>
      </Buttons>
      <ControllerType>Microsoft.SqlServer.Configuration.InstallWizard.InstanceNameController, Microsoft.SqlServer.Configuration.InstallWizard</ControllerType>
      <HelpGUID>5bf822fc-6dec-4806-a153-e200af28e9a5</HelpGUID>
      <PageLeftEmbeddedAction>CALCULATESCENARIO</PageLeftEmbeddedAction>
    </Page>

    <Page
      ID="ServerConfiguration" PageType="TabbedPage">
      <Title ResourceID="ServerConfigurationTitle"></Title>
      <Subtitle ResourceID="ServerConfigurationSubtitle"></Subtitle>
      <Buttons>
        <Button ID="Finish" Visible="false"/>
      </Buttons>
      <SubPages>
        <Page
          ID="ServiceConfiguration">
          <Title ResourceID="ServiceConfigurationTitle"></Title>
          <ControllerType>Microsoft.SqlServer.Configuration.InstallWizard.ServicesController, Microsoft.SqlServer.Configuration.InstallWizard</ControllerType>
          <HelpGUID>c283702d-ab20-4bfa-9272-f0c53c31cb9f</HelpGUID>
        </Page>
        <Page
          ID="Collation">
          <Title ResourceID="CollationTitle"></Title>
          <ControllerType>Microsoft.SqlServer.Configuration.InstallWizard.CollationController, Microsoft.SqlServer.Configuration.InstallWizard</ControllerType>
          <HelpGUID>e3986870-5be4-458b-b671-5ff12a27b022</HelpGUID>
        </Page>        
      </SubPages>
    </Page>

    <Page
      ID="DatabaseEngineConfiguration" PageType="TabbedPage">
      <Title ResourceID="DatabaseEngineConfigurationTitle"></Title>
      <Subtitle ResourceID="DatabaseEngineConfigurationSubtitle"></Subtitle>
      <Buttons>
        <Button ID="Finish" Visible="false"/>
      </Buttons>
      <SubPages>
        <Page
           ID="AccountProvisioning">
          <Title ResourceID="AccountProvisioningTitle"></Title>
          <ControllerType>Microsoft.SqlServer.Configuration.InstallWizard.DatabaseEngineConfigController, Microsoft.SqlServer.Configuration.InstallWizard</ControllerType>
          <HelpGUID>834b26bc-49de-4033-88d5-6aa7b1609720</HelpGUID>
        </Page>
        <Page
           ID="DataDirectories">
          <Title ResourceID="DataDirectoriesTitle"></Title>
          <ControllerType>Microsoft.SqlServer.Configuration.InstallWizard.DatabaseEngineConfigDataDirectoryController, Microsoft.SqlServer.Configuration.InstallWizard</ControllerType>
          <HelpGUID>9b1fa0fc-623b-479a-afc3-4f13bd850487</HelpGUID>
        </Page>
        <Page
           ID="Ranu">
          <Title ResourceID="RanuTitle"></Title>
          <ControllerType>Microsoft.SqlServer.Configuration.InstallWizard.RANUController, Microsoft.SqlServer.Configuration.InstallWizard</ControllerType>
          <HelpGUID>dfc27c1e-0fe2-4221-bed5-f52667ddd3c8</HelpGUID>
        </Page>
        <Page
           ID="FileStream">
          <Title ResourceID="FileStreamTitle"></Title>
          <ControllerType>Microsoft.SqlServer.Configuration.InstallWizard.FileStreamController, Microsoft.SqlServer.Configuration.InstallWizard</ControllerType>
          <HelpGUID>641a10a1-ae52-4d26-8f1c-a032a4aeff02</HelpGUID>
        </Page>
      </SubPages>
    </Page>

    <Page
      ID="ReportingServicesConfiguration" PageType="Page">
      <Title ResourceID="ReportingServicesConfigurationTitle"></Title>
      <Subtitle ResourceID="ReportingServicesConfigurationSubtitle"></Subtitle>
      <Buttons>
        <Button ID="Finish" Visible="false"/>
        <Button ID="Help" Visible="true"/>
      </Buttons>
      <ControllerType>Microsoft.SqlServer.Configuration.InstallWizard.ReportingServicesConfigController, Microsoft.SqlServer.Configuration.InstallWizard</ControllerType>
      <HelpGUID>55b9a537-b5de-4bc2-9f79-90d70ca77879</HelpGUID>
    </Page>

    <Page
      ID="ErrorUsageReporting" PageType="Page">
      <Title ResourceID="ErrorUsageReportingTitle"></Title>
      <Subtitle ResourceID="ErrorUsageReportingSubtitle"></Subtitle>
      <Buttons>
        <Button ID="Finish" Visible="false"/>
      </Buttons>
      <ControllerType>Microsoft.SqlServer.Configuration.InstallWizard.ErrorUsageReportController, Microsoft.SqlServer.Configuration.InstallWizard</ControllerType>
      <HelpGUID>e72c43b6-a2bd-4545-9aff-79c83b21180d</HelpGUID>
    </Page>

    <Page
      ID="RunInstallRules">
      <Title ResourceID="RunCompleteImageRulesTitle"></Title>
      <Subtitle ResourceID="RunCompleteImageRulesSubtitle"></Subtitle>
      <Buttons>
        <Button ID="Finish" Visible="false"/>
        <Button ID="Next" Enabled="false"/>
        <Button ID="Cancel" Enabled="false"/>
      </Buttons>
      <ControllerType>Microsoft.SqlServer.Configuration.InstallWizard.RunFeatureSpecificRuleProgressController, Microsoft.SqlServer.Configuration.InstallWizard</ControllerType>
      <HelpGUID>45d7ecbc-9fc0-4365-8051-c2a525374280</HelpGUID>
    </Page>

    <Page
      ID="Summary" PageType="Summary">
      <Title ResourceID="CompleteImageSummaryTitle"></Title>
      <Subtitle ResourceID="CompleteImageSummarySubtitle"></Subtitle>
      <Buttons>
        <Button ID="Next">
          <Text ResourceID="CompleteImageButton"></Text>
        </Button>
        <Button ID="Finish" Visible="false"/>
      </Buttons>
      <ControllerType>Microsoft.SqlServer.Configuration.InstallWizard.SummaryController, Microsoft.SqlServer.Configuration.InstallWizard</ControllerType>
      <HelpGUID>71bae511-956d-4f23-bfa8-bfcc563b3e11</HelpGUID>
    </Page>

    <Page
      ID="InstallationProgressPage"  PageType="Progress">
      <Title ResourceID="CompleteImageProgressPageTitle"></Title>
      <Subtitle ResourceID="CompleteImageProgressPageSubTile"></Subtitle>
      <Buttons>
        <Button ID="Finish" Visible="false"/>
        <Button ID="Back" Visible ="false "/>
        <Button ID="Next" Visible ="true" Enabled="false"/>
        <Button ID="Cancel" Visible="true" Enabled="true"/>
      </Buttons>
      <ControllerType>Microsoft.SqlServer.Configuration.InstallWizard.ExecutionProgressController, Microsoft.SqlServer.Configuration.InstallWizard</ControllerType>
      <HelpGUID>d3bee955-0344-4078-89f1-94a02e7f93c2</HelpGUID>
    </Page>

    <Page
      ID="PostInstall" PageType="Finish" >
      <Title ResourceID="PostCompleteImageTitle"></Title>
      <Subtitle ResourceID="PostCompleteImageSubtitle"></Subtitle>
      <Buttons>
        <Button ID="Finish" Visible="false"/>
        <Button ID="Back" Visible ="false"/>
        <Button ID="Next" Visible ="false"/>
        <Button ID="Cancel">
          <Text ResourceID="CloseButton"></Text>
        </Button>
      </Buttons>
      <ControllerType>Microsoft.SqlServer.Configuration.InstallWizard.PostInstallController, Microsoft.SqlServer.Configuration.InstallWizard</ControllerType>
      <HelpGUID>810738a0-d286-492e-8888-1795e55a72c6</HelpGUID>
    </Page>
  </Pages>

  <Appearance>
    <Title ResourceID="CompleteImageWizardTitle"></Title>
    <Icon>
      <Name>Install</Name>
      <ResourceType>Microsoft.SqlServer.Configuration.InstallWizard.Resources, Microsoft.SqlServer.Configuration.InstallWizard</ResourceType>
    </Icon>    
  </Appearance>
</UIHost>
