﻿<?xml version="1.0" encoding="utf-8" ?>
<UIHost xmlns="http://schemas.microsoft.com/sqlserver/setup/uihost.xsd" ResourceManager="Microsoft.SqlServer.Configuration.InstallWizard.SR, Microsoft.SqlServer.Configuration.InstallWizard">
  <Pages>

    <Page
      ID="InstanceSelection">
      <Title ResourceID="InstanceSelectionTitle"></Title>
      <Subtitle ResourceID="InstanceSelectionSubtitle"></Subtitle>
      <Buttons>
        <Button ID="Finish" Visible="false"/>
      </Buttons>
      <ControllerType>Microsoft.SqlServer.Configuration.InstallWizard.InstanceSelectionController, Microsoft.SqlServer.Configuration.InstallWizard</ControllerType>
      <HelpGUID>e61297fc-a418-4553-b85e-40a3062606f1</HelpGUID>
    </Page>

    <Page
    ID="FeatureTree">
      <Title ResourceID="UninstallFeatureTreeTitle"></Title>
      <Subtitle ResourceID="UninstallFeatureTreeSubtitle"></Subtitle>
      <Buttons>
        <Button ID="Back" Enabled="true"/>
        <Button ID="Finish" Visible="false"/>
      </Buttons>
      <ControllerType>Microsoft.SqlServer.Configuration.InstallWizard.UninstallFeatureSelectionController, Microsoft.SqlServer.Configuration.InstallWizard</ControllerType>
      <PageLeftEmbeddedAction>CALCULATESCENARIO</PageLeftEmbeddedAction>
      <HelpGUID>33fa3b75-3257-44e1-919e-3d2ff12accbc</HelpGUID>
    </Page>

    <Page
      ID="RunUninstallRules">
      <Title ResourceID="RunUninstallRulesTitle"></Title>
      <Subtitle ResourceID="RunUninstallRulesSubtitle"></Subtitle>
      <Buttons>
        <Button ID="Finish" Visible="false"/>
        <Button ID="Next" Enabled="false"/>
        <Button ID="Cancel" Enabled="false"/>
      </Buttons>
      <ControllerType>Microsoft.SqlServer.Configuration.InstallWizard.RunFeatureSpecificRuleProgressController, Microsoft.SqlServer.Configuration.InstallWizard</ControllerType>
      <HelpGUID>07554612-8cb6-4bd9-adde-956177261ccd</HelpGUID>
    </Page>

    <Page
      ID="Summary" PageType="Summary">
      <Title ResourceID="SummaryTitle"></Title>
      <Subtitle ResourceID="SummarySubtitle"></Subtitle>
      <Buttons>
        <Button ID="Next">
          <Text ResourceID="UninstallButton"></Text>
        </Button>
        <Button ID="Finish" Visible="false"/>
      </Buttons>
      <ControllerType>Microsoft.SqlServer.Configuration.InstallWizard.SummaryController, Microsoft.SqlServer.Configuration.InstallWizard</ControllerType>
      <HelpGUID>a5f353fa-1bb4-495c-bf86-77cfa5bc6c78</HelpGUID>
    </Page>

    <Page
      ID="InstallationProgressPage"  PageType="Progress">
      <Title ResourceID="UninstallationProgressPageTitle"></Title>
      <Subtitle ResourceID="UninstallationProgressPageSubtitle"></Subtitle>
      <Buttons>
        <Button ID="Finish" Visible="false"/>
        <Button ID="Back" Visible ="false "/>
        <Button ID="Next" Visible ="true" Enabled="false"/>
        <Button ID="Cancel" Visible="true" Enabled="false"/>
        <Button ID="Help" Enabled="false"/>
      </Buttons>
      <ControllerType>Microsoft.SqlServer.Configuration.InstallWizard.ExecutionProgressController, Microsoft.SqlServer.Configuration.InstallWizard</ControllerType>
      <HelpGUID>ee19dbb2-6fd7-4b9b-9ea6-36c6faeedf10</HelpGUID>
    </Page>

    <Page
      ID="PostInstall" PageType="Finish" >
      <Title ResourceID="PostUninstallTitle"></Title>
      <Subtitle ResourceID="PostUninstallSubtitle"></Subtitle>
      <Buttons>
        <Button ID="Finish" Visible="false"/>
        <Button ID="Back" Visible ="false"/>
        <Button ID="Next" Visible ="false"/>
        <Button ID="Cancel">
          <Text ResourceID="CloseButton"></Text>
        </Button>
        <Button ID="Help" Enabled="false"/>
      </Buttons>
      <ControllerType>Microsoft.SqlServer.Configuration.InstallWizard.PostInstallController, Microsoft.SqlServer.Configuration.InstallWizard</ControllerType>
      <HelpGUID>fdbdd223-c3cb-4d88-a96c-c5d362030c83</HelpGUID>
    </Page>
  </Pages>

  <Appearance>
    <Title ResourceID="UninstallWizardTitle"></Title>
    <Icon>
      <Name>Remove</Name>
      <ResourceType>Microsoft.SqlServer.Configuration.InstallWizard.Resources, Microsoft.SqlServer.Configuration.InstallWizard</ResourceType>
    </Icon>
  </Appearance>
</UIHost>
