﻿<?xml version="1.0" encoding="utf-8" ?>
<UIHost xmlns="http://schemas.microsoft.com/sqlserver/setup/uihost.xsd" ResourceManager="Microsoft.SqlServer.Configuration.InstallWizard.SR, Microsoft.SqlServer.Configuration.InstallWizard">
  <Pages>

   
    <Page
      ID="RunGlobalRules">
      <Title ResourceID="SystemConfigurationCheckTitle"></Title>
      <Subtitle  ResourceID="SystemConfigurationCheckSubtitle"></Subtitle>
      <Buttons>
        <Button ID="Finish" Visible="false"/>
        <Button ID="Back" Enabled="false"/>
        <Button ID="Next" Enabled="false"/>
        <Button ID="Cancel" Enabled="false"/>
      </Buttons>
      <ControllerType>Microsoft.SqlServer.Configuration.InstallWizard.RunScenarioGlobalRuleProgressController, Microsoft.SqlServer.Configuration.InstallWizard</ControllerType>
	<HelpGUID>168c0445-5651-42fc-91f4-d9f27d9e2281</HelpGUID>
    </Page>

    <Page
      ID="PIDValidation">
      <Title ResourceID="PIDValidationTitle"></Title>
      <Subtitle  ResourceID="PIDValidationSubtitle"></Subtitle>
      <VisibleAttributes>
        <TypeName>Microsoft.SqlServer.Configuration.InstallWizardFramework.EulaPidVisibleAttribute, Microsoft.SqlServer.Configuration.InstallWizardFramework</TypeName>
      </VisibleAttributes>
      <Buttons>
        <Button ID="Finish" Visible="false"/>
      </Buttons>
      <ControllerType>Microsoft.SqlServer.Configuration.InstallWizard.PidValidationController, Microsoft.SqlServer.Configuration.InstallWizard</ControllerType>
      <HelpGUID>2e39bd3f-6246-4b60-9774-0a427ba2a26c</HelpGUID>
    </Page>

    <Page
      ID="EULAPid" PageType="Page" >
      <Title ResourceID="EULAPidTitle"></Title>
      <Subtitle ResourceID="EULAPidSubtitle"></Subtitle>
      <VisibleAttributes>
        <TypeName>Microsoft.SqlServer.Configuration.InstallWizardFramework.EulaPidVisibleAttribute, Microsoft.SqlServer.Configuration.InstallWizardFramework</TypeName>
      </VisibleAttributes>
      <Buttons>
        <Button ID="Finish" Visible="false"/>
        <Button ID="Next" Enabled="false"/>
        <Button ID="Help" Visible="true"/>
      </Buttons>
      <ControllerType>Microsoft.SqlServer.Configuration.InstallWizard.EULAPidController, Microsoft.SqlServer.Configuration.InstallWizard</ControllerType>
      <HelpGUID>08dd739d-5817-4418-bcff-74ab7f8bbd33</HelpGUID>
    </Page>

    <Page
      ID="InstanceSelection">
      <Title ResourceID="InstanceSelectionTitle"></Title>
      <Subtitle ResourceID="InstanceSelectionSubtitle"></Subtitle>
      <Buttons>
        <Button ID="Finish" Visible="false"/>
      </Buttons>
      <ControllerType>Microsoft.SqlServer.Configuration.InstallWizard.InstanceSelectionController, Microsoft.SqlServer.Configuration.InstallWizard</ControllerType>
      <HelpGUID>79d5989f-2fb1-424b-be50-d89c8e39c51b</HelpGUID>
      <PageLeftEmbeddedAction>CALCULATESCENARIO</PageLeftEmbeddedAction>
    </Page>

    <Page
      ID="FeatureTree">
        <Title ResourceID="UpgradeFeatureTreeTitle"></Title>
        <Subtitle ResourceID="UpgradeFeatureTreeSubtitle"></Subtitle>
        <Buttons>
            <Button ID="Back" Enabled="true"/>
            <Button ID="Finish" Visible="false"/>
        </Buttons>
        <ControllerType>Microsoft.SqlServer.Configuration.InstallWizard.UpgradeFeatureSelectionController, Microsoft.SqlServer.Configuration.InstallWizard</ControllerType>
        <HelpGUID>5e906e23-6638-410d-920b-fdf35b0d3cc4</HelpGUID>
    </Page>

    <Page
      ID="InstanceName">
        <Title ResourceID="InstanceNameTitle"></Title>
        <Subtitle ResourceID="InstanceNameSubtitle"></Subtitle>
	<VisibleAttributes>
          <TypeName>Microsoft.SqlServer.Configuration.InstallWizardFramework.HideForUIModeAttribute, Microsoft.SqlServer.Configuration.InstallWizardFramework</TypeName>
        </VisibleAttributes>
        <Buttons>
            <Button ID="Finish" Visible="false"/>
        </Buttons>
        <ControllerType>Microsoft.SqlServer.Configuration.InstallWizard.InstanceNameController, Microsoft.SqlServer.Configuration.InstallWizard</ControllerType>
        <HelpGUID>5bf822fc-6dec-4806-a153-e200af28e9a5</HelpGUID>
        <PageLeftEmbeddedAction>CALCULATESCENARIO</PageLeftEmbeddedAction>
    </Page>

    <Page
           ID="DiskCost">
      <Title ResourceID="DiskCostTitle"></Title>
      <Subtitle ResourceID="DiskCostSubtitle"></Subtitle>
      <Buttons>
        <Button ID="Finish" Visible="false"/>
      </Buttons>
      <ControllerType>Microsoft.SqlServer.Configuration.InstallWizard.DiskUsageController, Microsoft.SqlServer.Configuration.InstallWizard</ControllerType>
      <HelpGUID>b9dc1b0a-1717-4e3e-b3d7-69397131c77a</HelpGUID>
    </Page>

   <Page
      ID="ClusterSecurityConfiguration" PageType="Page" >
      <Title ResourceID="ClusterSecurityConfigurationTitle"></Title>
      <Subtitle ResourceID="ClusterSecurityConfigurationSubtitle"></Subtitle>
      <Buttons>
        <Button ID="Finish" Visible="false"/>
      </Buttons>
      <ControllerType>Microsoft.SqlServer.Configuration.InstallWizard.ClusterDomainGroupController, Microsoft.SqlServer.Configuration.InstallWizard</ControllerType>
    </Page> 
   
   <Page
      ID="ServerConfiguration" PageType="TabbedPage">
      <Title ResourceID="ServerConfigurationTitle"></Title>
      <Subtitle ResourceID="ServerConfigurationSubtitle"></Subtitle>
      <Buttons>
        <Button ID="Finish" Visible="false"/>
      </Buttons>
      <SubPages>
        <Page
          ID="ServiceConfiguration">
          <Title ResourceID="ServiceConfigurationTitle"></Title>
          <ControllerType>Microsoft.SqlServer.Configuration.InstallWizard.ServicesController, Microsoft.SqlServer.Configuration.InstallWizard</ControllerType>
          <HelpGUID>c283702d-ab20-4bfa-9272-f0c53c31cb9f</HelpGUID>
        </Page>
      </SubPages>
    </Page>

  
    <Page
      ID="FTUpgradeOption">
      <Title ResourceID="FTUpgradeTitle"></Title>
      <Subtitle ResourceID="FTUpgradeSubtitle"></Subtitle>
      <Buttons>
        <Button ID="Next" Text="&amp;Next"/>
        <Button ID="Finish" Visible="false"/>
      </Buttons>
      <ControllerType>Microsoft.SqlServer.Configuration.InstallWizard.FTUpgradeController, Microsoft.SqlServer.Configuration.InstallWizard</ControllerType>
      <HelpGUID>16c9376b-5fbb-4495-a429-06a2493849c9</HelpGUID>
    </Page>
    
    <Page
      ID="ReportingServicesAuthentication">
      <Title ResourceID="ReportingServicesAuthenticationTitle"></Title>
      <Subtitle ResourceID="ReportingServicesAuthenticationSubtitle"></Subtitle>
      <Buttons>
        <Button ID="Next" Text="&amp;Next"/>
        <Button ID="Finish" Visible="false"/>
      </Buttons>
      <ControllerType>Microsoft.SqlServer.Configuration.InstallWizard.RSAuthenticationController, Microsoft.SqlServer.Configuration.InstallWizard</ControllerType>
      <HelpGUID>fbc94ef8-273e-4651-9fb1-1664449d4d30</HelpGUID>
    </Page>

    <Page
      ID="ErrorUsageReporting" PageType="Page">
      <Title ResourceID="ErrorUsageReportingTitle"></Title>
      <Subtitle ResourceID="ErrorUsageReportingSubtitle"></Subtitle>
      <Buttons>
        <Button ID="Finish" Visible="false"/>
      </Buttons>
      <ControllerType>Microsoft.SqlServer.Configuration.InstallWizard.ErrorUsageReportController, Microsoft.SqlServer.Configuration.InstallWizard</ControllerType>
      <HelpGUID>e72c43b6-a2bd-4545-9aff-79c83b21180d</HelpGUID>
    </Page>
    

    <Page
      ID="RunUpgradeRules">
      <Title ResourceID="RunUpgradeRulesTitle"></Title>
      <Subtitle ResourceID="RunUpgradeRulesSubtitle"></Subtitle>
      <Buttons>
        <Button ID="Finish" Visible="false"/>
        <Button ID="Next" Enabled="false"/>
        <Button ID="Cancel" Enabled="false"/>
      </Buttons>
      <ControllerType>Microsoft.SqlServer.Configuration.InstallWizard.RunFeatureSpecificRuleProgressController, Microsoft.SqlServer.Configuration.InstallWizard</ControllerType>
      <HelpGUID>653b15db-a984-4b4b-b224-81b0285b099b</HelpGUID>
    </Page>

    <Page
      ID="UpgradeStatus">
      <Title ResourceID="ClusterUpgradeReportTitle"></Title>
      <Subtitle  ResourceID="ClusterUpgradeReportSubtitle"></Subtitle>
      <Buttons>
        <Button ID="Finish" Visible="false"/>
        <Button ID="Back" Enabled="true"/>
        <Button ID="Next" Enabled="true"/>
        <Button ID="Cancel" Enabled="true"/>
      </Buttons>
      <ControllerType>Microsoft.SqlServer.Configuration.InstallWizard.ClusterUpgradeReportController, Microsoft.SqlServer.Configuration.InstallWizard</ControllerType>   
      <HelpGUID>c72d2cf6-f82e-42b3-b5f0-a9728a2c1636</HelpGUID>
    </Page>

    <Page
      ID="Summary" PageType="Summary">
      <Title ResourceID="UpgradeSummaryTitle"></Title>
      <Subtitle ResourceID="UpgradeSummarySubtitle"></Subtitle>
      <Buttons>
        <Button ID="Next">
          <Text ResourceID="UpgradeButton"></Text>
        </Button>
        <Button ID="Finish" Visible="false"/>
      </Buttons>
      <ControllerType>Microsoft.SqlServer.Configuration.InstallWizard.SummaryController, Microsoft.SqlServer.Configuration.InstallWizard</ControllerType>
      <HelpGUID>282f261e-cb00-4c31-af4b-faeee0445ee4</HelpGUID>      
    </Page>

    <Page
      ID="UpgradeProgressPage"  PageType="Progress">
      <Title ResourceID="UpgradeProgressPageTitle"></Title>
      <Subtitle ResourceID="UpgradeProgressPageSubtitle"></Subtitle>
      <Buttons>
        <Button ID="Finish" Visible="false"/>
        <Button ID="Back" Visible ="false "/>
        <Button ID="Next" Visible ="true" Enabled="false"/>
        <Button ID="Cancel" Visible="true" Enabled="false"/>
      </Buttons>
      <ControllerType>Microsoft.SqlServer.Configuration.InstallWizard.ExecutionProgressController, Microsoft.SqlServer.Configuration.InstallWizard</ControllerType>
      <HelpGUID>d963904c-3f69-4530-a0c1-cf8bcb9e3b3c</HelpGUID>
    </Page>

     <Page
      ID="UpgradeStatus">
      <Title ResourceID="ClusterUpgradeReportTitle"></Title>
      <Subtitle  ResourceID="ClusterUpgradeReportSubtitle"></Subtitle>
      <Buttons>
        <Button ID="Finish" Visible="false"/>
        <Button ID="Back" Enabled="true"/>
        <Button ID="Next" Enabled="true"/>
        <Button ID="Cancel" Enabled="true"/>
      </Buttons>
      <ControllerType>Microsoft.SqlServer.Configuration.InstallWizard.ClusterUpgradeFinalReportController, Microsoft.SqlServer.Configuration.InstallWizard</ControllerType>    
      <HelpGUID>653b15db-a984-4b4b-b224-81b0285b099b</HelpGUID>
    </Page>

    <Page
      ID="PostUpgrade" PageType="Finish" >
      <Title ResourceID="PostUpgradeTitle"></Title>
      <Subtitle ResourceID="PostUpgradeSubTitle"></Subtitle>
      <Buttons>
        <Button ID="Finish" Visible="false"/>
        <Button ID="Back" Visible ="false"/>
        <Button ID="Next" Visible ="false"/>
        <Button ID="Cancel">
          <Text ResourceID="CloseButton"></Text>
        </Button>
      </Buttons>
      <ControllerType>Microsoft.SqlServer.Configuration.InstallWizard.PostInstallController, Microsoft.SqlServer.Configuration.InstallWizard</ControllerType>
      <HelpGUID>9f6e50ab-dec4-4b03-bfa3-876330ace170</HelpGUID>
    </Page>
  </Pages>

  <Appearance>
    <Title ResourceID="UpgradeWizardTitle"></Title>
    <Icon>
      <Name>Upgrade</Name>
      <ResourceType>Microsoft.SqlServer.Configuration.InstallWizard.Resources, Microsoft.SqlServer.Configuration.InstallWizard</ResourceType>
    </Icon>
  </Appearance>
</UIHost>
