<CommonPropertyStore xmlns:xsi="http://www.w3.org/2001/XMLSchema-instance" xmlns:xsd="http://www.w3.org/2001/XMLSchema" xmlns="http://www.microsoft.com/sql/slp/CommonProperties.xsd"><CommonProperties><Item><Name><string xmlns="">detailedLogFile</string></Name><Value><string xmlns="">C:\Program Files\Microsoft SQL Server\100\Setup Bootstrap\Log\20120817_154611\Detail_GlobalRules.txt</string></Value></Item><Item><Name><string xmlns="">ActionName</string></Name><Value><string xmlns="" /></Value></Item><Item><Name><string xmlns="">/Package/ProductName</string></Name><Value><string xmlns="">SQL2008</string></Value></Item><Item><Name><string xmlns="">/Package/SupportedLanguages</string></Name><Value><string xmlns="">1028;1031;1033;1036;1040;1041;1042;1046;1049;2052;3082;1053</string></Value></Item><Item><Name><string xmlns="">/Package/LogPath</string></Name><Value><string xmlns="">%ProgramFiles%\Microsoft SQL Server\100\Setup Bootstrap\Log</string></Value></Item><Item><Name><string xmlns="">/Package/GlobalProperties/StopActionRequireMode</string></Name><Value><string xmlns="">ShowProgressOnly</string></Value></Item><Item><Name><string xmlns="">summaryLogFile</string></Name><Value><string xmlns="">C:\Program Files\Microsoft SQL Server\100\Setup Bootstrap\Log\20120817_154611\Summary_DigitalAttitude_20120817_154611_GlobalRules.txt</string></Value></Item></CommonProperties><CommonFlags><Item><Name><string xmlns="">/Scenario/Patching/IsRunningInnerSetup</string></Name><Value><boolean xmlns="">false</boolean></Value></Item></CommonFlags></CommonPropertyStore>