<RunRuleResults><Header reportDate="8/17/2012" reportTime="3:46 PM" savedToDirectory="C:\Program Files\Microsoft SQL Server\100\Setup Bootstrap\Log\20120817_154611\SystemConfigurationCheck_Report.htm"><Machines><Machine value="DIGITALATTITUDE" /></Machines></Header><group groupName="GlobalRules" groupDescription="SQL Server 2008 R2 Setup configuration checks for rules group 'GlobalRules'"><RunRuleResult ruleName="OsVersionCheck" machineName="DIGITALATTITUDE" description="Checks whether the computer meets minimum operating system version requirements. " result="Passed" message="The operating system version meets the minimum requirements for this product." imagePath="resources\ProgressSuccess.ico" /><RunRuleResult ruleName="ThreadHasAdminPrivilegeCheck" machineName="DIGITALATTITUDE" description="Checks whether the account running SQL Server Setup has administrator rights on the computer." result="Passed" message="The account running SQL Server Setup has administator rights on the computer." imagePath="resources\ProgressSuccess.ico" /><RunRuleResult ruleName="RebootRequiredCheck" machineName="DIGITALATTITUDE" description="Checks if a pending computer restart is required. A pending restart can cause Setup to fail." result="Passed" message="The computer does not require a restart." imagePath="resources\ProgressSuccess.ico" /><RunRuleResult ruleName="WmiServiceStateCheck" machineName="DIGITALATTITUDE" description="Checks whether the WMI service is started and running on the computer." result="Passed" message="The Windows Management Instrumentation (WMI) service is running." imagePath="resources\ProgressSuccess.ico" /><RunRuleResult ruleName="AclPermissionsFacet" machineName="DIGITALATTITUDE" description="Checks if the SQL Server registry keys are consistent." result="Passed" message="SQL Server registry keys are consistent and can support SQL Server installation or upgrade." imagePath="resources\ProgressSuccess.ico" /><RunRuleResult ruleName="MediaPathLength" machineName="DIGITALATTITUDE" description="Checks whether the SQL Server installation media is too long." result="Passed" message="The SQL Server installation media is not too long." imagePath="resources\ProgressSuccess.ico" /><RunRuleResult ruleName="SetupCompatibilityCheck" machineName="DIGITALATTITUDE" description="Checks whether the current version of SQL Server is compatible with a later installed version." result="Passed" message="Setup has not detected any incompatibilities." imagePath="resources\ProgressSuccess.ico" /></group><Resources rulesDocumentation="http://go.microsoft.com/fwlink/?LinkId=157129" community="http://go.microsoft.com/fwlink/?LinkId=157128" setupHelpFile="http://go.microsoft.com/fwlink/?LinkId=157127" /></RunRuleResults>