<Actions><Action Id="InitializeRoleService"><Property Id="RoleTypes"><Roles xmlns:xsi="http://www.w3.org/2001/XMLSchema-instance" xmlns:xsd="http://www.w3.org/2001/XMLSchema" xmlns="http://www.microsoft.com/sql/slp/Product.xsd"><Role Id="SPI_AS_NewFarm" /><Role Id="SPI_AS_ExistingFarm" /><Role Id="AllFeatures_WithDefaults" /></Roles></Property></Action><Action Id="ProcessMediaChainerConfigFileArguments" /><Action Id="ProcessChainerConfigFileArguments" /><Action Id="SetRoleAndUIModeForExpressMedia"><Property Id="UIMode"><UIModeSettings>AutoAdvance</UIModeSettings></Property><Property Id="Role"><string>AllFeatures_WithDefaults</string></Property></Action><Action Id="ProcessMediaFeatureConfigFileArguments" /><Action Id="ProcessFeatureConfigFileArguments" /><Action Id="StartSqmSession" /><Action Id="RunDiscoveryAction"><Property Id="DiscoveryDocumentRootPathValue"><string>Datastore/Discovery</string></Property><Property Id="ClusterDiscoveryDocumentRootPathValue"><string>Datastore/ClusterDiscovery</string></Property><Property Id="MachineNames"><ArrayOfString xmlns:xsi="http://www.w3.org/2001/XMLSchema-instance" xmlns:xsd="http://www.w3.org/2001/XMLSchema"><string>DIGITALATTITUDE</string></ArrayOfString></Property></Action></Actions>